{"stage_loading": 1.831, "flow_coefficient": 0.512, "eff_isen": 0.9778026075632898, "eff_poly": 0.9765001123240794, "taskId": "0007", "alpha_rel_stator_in": 6.53937368791954e-10, "alpha_rel_stator_out": 67.2592736194948, "alpha_rel_rotor_in": 22.92310251983709, "alpha_rel_rotor_out": -71.3512746612689, "alpha_stator_in": 6.53937368791954e-10, "alpha_stator_out": 67.2592736194948, "alpha_rotor_in": 67.24892556440561, "alpha_rotor_out": -47.510724753300806, "eff_isen_lost_stator_in": 0.0, "eff_isen_lost_stator_out": 0.0067539036716602885, "eff_isen_lost_rotor_in": 0.007116083986234312, "eff_isen_lost_rotor_out": 0.021773722921066274, "unsteady_scatterplot": "./smith_sweep_initial/0007/unsteady_scatter/unsteady_scatter_meta.json", "unsteady_entropy_contour": "./smith_sweep_initial/0007/unsteady_contour2d_meta.json", "unsteady_line": "./smith_sweep_initial/0007/unsteady_line_meta.json"}