{"eff_isen": 0.9778026075632898, "eff_poly": 0.9765001123240794, "eff_isen_lost": [0.0, 0.0067539036716602885, 0.007116083986234312, 0.021773722921066274], "mdot_unst": [338.2044183680035, 338.207580811805, 338.20390012465725, 338.194319547121, 338.18127912874786, 338.16811485000613, 338.15818693467736, 338.1539216399175, 338.15622897300636, 338.16424615624794, 338.1755359700896, 338.1867585761722, 338.1946654090965, 338.19680560778284, 338.1923163673741, 338.18216951727055, 338.168795808191, 338.155526429102, 338.1456527601057, 338.1415559912129, 338.1441010611611, 338.152363694483, 338.163857086881, 338.17524439372846, 338.1832344224149, 338.1854048608529, 338.18090848911356, 338.1707210526036, 338.1573103221854, 338.14402612981814, 338.13420532595626, 338.1302769530647, 338.13308177202987, 338.14178877143496, 338.1538940856277, 338.1660254075707, 338.1749027842684, 338.1780400715681, 338.1745655711455, 338.165387500466, 338.15293919645455, 338.14054385153804, 338.1315456464888, 338.1283796694234, 338.1319273467186, 338.1413427526138, 338.154166161865, 338.16709233526876, 338.1767814182379, 338.18079248207135, 338.17820884359253, 338.1699726832543, 338.15850631268916, 338.1471495886121, 338.1391980363027, 338.13708156311566, 338.1416766252873, 338.1520825661596, 338.16582774181825, 338.179566863657, 338.1899996206005, 338.19465671687914, 338.19264633024534, 338.1849022183785, 338.17387182201054, 338.16285352249804, 338.15514549850434, 338.15315845335977, 338.15765596064284, 338.1677674311583, 338.18095068981484, 338.1938409515427], "alpha_rel": [6.53937368791954e-10, 67.2592736194948, 22.92310251983709, -71.3512746612689], "runid": ["0", "0", "0", "7"], "alpha": [6.53937368791954e-10, 67.2592736194948, 67.24892556440561, -47.510724753300806], "eff_lost_unst": [0.021936601096992882, 0.021921282111364945, 0.021941062348801336, 0.021989594047600414, 0.02205251052459859, 0.022112396684011184, 0.022152479650316543, 0.02216090669998728, 0.02213578069443814, 0.022082234481064972, 0.022014961807462374, 0.02195181128342005, 0.02190933619351572, 0.02189944614649438, 0.021924775063957663, 0.02197823016637183, 0.022045648683723638, 0.02210956162970107, 0.022153216984280612, 0.02216477557792049, 0.02214228656912626, 0.022091529275236013, 0.02202687927630046, 0.021966468738501607, 0.02192707035398722, 0.02192057485079454, 0.021948563943142728, 0.022005236522103278, 0.022075429585023888, 0.022141597946733507, 0.02218625573709288, 0.022198535112194336, 0.02217557455159267, 0.022123256145402986, 0.022055742166734567, 0.021992079165335163, 0.021947591395659664, 0.02193461302989302, 0.02195634680270678, 0.022005855046023193, 0.022069507209680282, 0.02212958736962472, 0.022169267000992463, 0.022177721656779364, 0.022151646388763435, 0.022098229134784226, 0.022031403526626327, 0.021970133194508225, 0.02192950876041997, 0.021922036666466988, 0.02195010304256529, 0.022006148853001683, 0.02207540963391575, 0.022140315923394698, 0.022183217570705443, 0.022192837670121174, 0.022166564573147543, 0.0221109423151288, 0.022040554080036273, 0.02197360287476279, 0.0219268348257744, 0.021912844466830242, 0.021934674096551497, 0.0219851115853771, 0.022049981689997666, 0.022111696095982684, 0.02215342915235916, 0.02216359232879796, 0.02214014166069631, 0.022089753037881313, 0.022026296197852194, 0.02196804009444894], "blockage_unst": [0.024967265344819457, 0.024960775518757698, 0.024957696905042164, 0.02495854805114911, 0.024962723802332703, 0.02496874170743314, 0.024974738404078527, 0.02497872940573757, 0.024979357679106428, 0.024976216415632312, 0.024969868286321435, 0.02496182087921374, 0.024953999810490183, 0.02494829113516052, 0.02494605444607592, 0.02494777679930354, 0.024952855183040287, 0.024959783078561604, 0.024966734803714242, 0.024971695456438802, 0.02497332777718643, 0.024971232273467203, 0.024965958912893545, 0.024958996479774436, 0.02495226170014903, 0.02494761009422587, 0.024946400114565264, 0.024949114096128277, 0.024955142930622457, 0.024962972163047048, 0.024970766608410824, 0.024976516475912758, 0.024978858796138193, 0.024977381613310007, 0.02497262725410559, 0.02496610799652817, 0.024959738778807302, 0.02495538788484918, 0.02495442315551152, 0.024957356347095904, 0.024963576453286247, 0.02497157897215647, 0.024979487288734465, 0.02498530297622702, 0.024987665290445774, 0.024986158585877244, 0.024981350507949238, 0.024974735669207593, 0.02496827505030996, 0.02496384212312085, 0.024962802327101075, 0.024965644166220675, 0.024971745967064113, 0.02497959479466863, 0.0249873091338485, 0.02499288743272025, 0.024994953233394044, 0.024993108729784757, 0.024987912228930806, 0.024980893151536333, 0.02497396078233229, 0.024969022248542878, 0.02496742787250064, 0.024969670289514762, 0.02497516563212625, 0.02498239423369555, 0.024989529356048142, 0.02499455379321995, 0.02499614584630218, 0.024993878059257114, 0.024988319246081886, 0.02498097994621806]}