{"stage_loading": 1.013, "flow_coefficient": 0.549, "eff_isen": 0.9787025903027592, "eff_poly": 0.977505091211447, "taskId": "0010", "alpha_rel_stator_in": -1.229619048199263e-09, "alpha_rel_stator_out": 60.80352274505379, "alpha_rel_rotor_in": 1.2119141861333271, "alpha_rel_rotor_out": -60.980822875470174, "alpha_stator_in": -1.229619048199263e-09, "alpha_stator_out": 60.80352274505379, "alpha_rotor_in": 60.784681660511765, "alpha_rotor_out": -2.0676726894975284, "eff_isen_lost_stator_in": 0.0, "eff_isen_lost_stator_out": 0.009492582464124655, "eff_isen_lost_rotor_in": 0.010266847841104543, "eff_isen_lost_rotor_out": 0.020953273012207174, "unsteady_scatterplot": "./smith_sweep_initial/0010/unsteady_scatter/unsteady_scatter_meta.json", "unsteady_entropy_contour": "./smith_sweep_initial/0010/unsteady_contour2d_meta.json", "unsteady_line": "./smith_sweep_initial/0010/unsteady_line_meta.json"}