{"eff_isen": 0.9787025903027592, "eff_poly": 0.977505091211447, "eff_isen_lost": [0.0, 0.009492582464124655, 0.010266847841104543, 0.020953273012207174], "mdot_unst": [610.0677232938278, 610.277226639633, 610.5208648997021, 610.7997357381536, 611.113352247555, 611.4585615574931, 611.8276113499006, 612.2088533367697, 612.5867198200561, 612.9431892700809, 613.2592791878346, 613.5176754111075, 613.7043769543313, 613.8107709617614, 613.8342990573749, 613.7791775492001, 613.6547463485254, 613.4754589070119, 613.2591736996798, 613.0252492055484, 612.7934483856343, 612.5832668283755, 612.4125188940211, 612.2964597760166, 612.2467754335655, 612.270385106119, 612.3686964371618, 612.5367296656391, 612.7633713277894, 613.0314606527601, 613.3192541740677, 613.6021569973244, 613.8542625949304, 614.0511054073335, 614.1718995339224, 614.2012280826226, 614.1311487346331, 613.9617700686222, 613.7015701057824, 613.3659577761618, 612.9759131486377, 612.5553748988165, 612.1281854489165, 611.7165169945608, 611.3381945814909, 611.0059060039413, 610.7262329103571, 610.5001790661651, 610.3238565935881, 610.189614294713, 610.0874905355896, 610.0070617728262, 609.9388571263722, 609.8753823199836, 609.812252766489, 609.7471171740185, 609.6805716232222, 609.6145384113747, 609.5513576983283, 609.4935426494185, 609.4429984298386, 609.4012931662993, 609.3697324038108, 609.3496216930982, 609.3426969659022, 609.3511695476957, 609.3774633564532, 609.4242029381038, 609.494064108132, 609.5893624922548, 609.7119302440727, 609.8635243644542], "alpha_rel": [-1.229619048199263e-09, 60.80352274505379, 1.2119141861333271, -60.980822875470174], "runid": ["0", "0", "1", "0"], "alpha": [-1.229619048199263e-09, 60.80352274505379, 60.784681660511765, -2.0676726894975284], "eff_lost_unst": [0.030948043865960843, 0.029365684045163043, 0.027582606913334827, 0.02560444391169273, 0.023432167805449645, 0.021087200379123015, 0.018625020912945, 0.016143738143752365, 0.013786221525178935, 0.011725170162290207, 0.010137073098922107, 0.009172180474101385, 0.008931418361850282, 0.009444992754676109, 0.010669542088212107, 0.012501200884870145, 0.014800141989226075, 0.01740003678637726, 0.020130470879092213, 0.02283723450062714, 0.025380133458186863, 0.02763448419754757, 0.029492774426525658, 0.0308617672811932, 0.03166571236332255, 0.03185546541953115, 0.031408821378616066, 0.03034188853132761, 0.028703297808866473, 0.026581311438539035, 0.024094064641603796, 0.02138049112957249, 0.018594863343466637, 0.015894357108694183, 0.013427271213216734, 0.011325589838265192, 0.009689272230401242, 0.008586976748055421, 0.00804680032838534, 0.00805747054489331, 0.008570082955893687, 0.009504652331334445, 0.010760907501889965, 0.012223186341460678, 0.01377410501606971, 0.015300525781334683, 0.016707245968802804, 0.01791737138885762, 0.018882925359463336, 0.019581845248050837, 0.020024661713535376, 0.020249436560124432, 0.020315565621449493, 0.02030388140706991, 0.020300844661722918, 0.020404593942115343, 0.020697923985263208, 0.021246995318397886, 0.022097606907479413, 0.02325930649564603, 0.024705566090888042, 0.026371323553659058, 0.028156619936727197, 0.029934745520858907, 0.03156975659858269, 0.03293346995525689, 0.03392134049123207, 0.03446735297855463, 0.03454797414124267, 0.03418143356453546, 0.03342028354366558, 0.03232990250194893], "blockage_unst": [0.024470420465528907, 0.024453925708105877, 0.024433989168526793, 0.024407330088978645, 0.02437191925856158, 0.024326763093735854, 0.024272075110825846, 0.02420903867003064, 0.024139873462409703, 0.024067889777768667, 0.02399775981440238, 0.023933339947309146, 0.023878334773076305, 0.02383577865104092, 0.023807827983557378, 0.02379301301567905, 0.023798085713436917, 0.02381933350250571, 0.02385560779758547, 0.0239030414610511, 0.023959299446684162, 0.02401994638225031, 0.024080996481338927, 0.024137019872459392, 0.02418413414401193, 0.024217703962520373, 0.024233957868633305, 0.02422939605375547, 0.024203559352400112, 0.02415952703756282, 0.024102543887262344, 0.02403881324775899, 0.023975226933568135, 0.023918323303491435, 0.02387423881625763, 0.023848408272930145, 0.02384479601542274, 0.023865299217790292, 0.023909294734018545, 0.023973856348477866, 0.024055159501908348, 0.024148028998808465, 0.024246423640867095, 0.02434327309605019, 0.02443207069442191, 0.024507125546943044, 0.024564417651100994, 0.024601817049594604, 0.02461896907927243, 0.02461824877873997, 0.024603753913857582, 0.02458033320649886, 0.02455358083550061, 0.024528686118177583, 0.024511019688699266, 0.024501050378101425, 0.02450280136526879, 0.024514778176752235, 0.024535847476685906, 0.0245624420824115, 0.024591471042238165, 0.024618805203591505, 0.02464020290640847, 0.02465199127538829, 0.02465223299506122, 0.02464135595725931, 0.0246215408267651, 0.02459528979015741, 0.024566139640875877, 0.024537621301634054, 0.02451275984314805, 0.02449256490552117]}