{"stage_loading": 1.784, "flow_coefficient": 0.84, "eff_isen": 0.9717809316260304, "eff_poly": 0.9703871587123261, "taskId": "0014", "alpha_rel_stator_in": -7.32998171903021e-09, "alpha_rel_stator_out": 58.117740651707365, "alpha_rel_rotor_in": 24.255713785944835, "alpha_rel_rotor_out": -58.66217375560605, "alpha_stator_in": -7.32998171903021e-09, "alpha_stator_out": 58.117740651707365, "alpha_rotor_in": 58.092953016726305, "alpha_rotor_out": -25.650724649321408, "eff_isen_lost_stator_in": 0.0, "eff_isen_lost_stator_out": 0.012029705457422435, "eff_isen_lost_rotor_in": 0.013030125155856886, "eff_isen_lost_rotor_out": 0.02756204748902813, "unsteady_scatterplot": "./smith_sweep_initial/0014/unsteady_scatter/unsteady_scatter_meta.json", "unsteady_entropy_contour": "./smith_sweep_initial/0014/unsteady_contour2d_meta.json", "unsteady_line": "./smith_sweep_initial/0014/unsteady_line_meta.json"}