{"eff_isen": 0.9717809316260304, "eff_poly": 0.9703871587123261, "eff_isen_lost": [0.0, 0.012029705457422435, 0.013030125155856886, 0.02756204748902813], "mdot_unst": [480.74226417267744, 480.7512152210688, 480.7750115040524, 480.80483188817345, 480.8300386494557, 480.8420002585451, 480.83717169040153, 480.81839260763456, 480.7938566412253, 480.7741145508203, 480.76837435382726, 480.78101549369904, 480.8100126973268, 480.8475705905003, 480.88286256988084, 480.9058146224247, 480.91052277017286, 480.8973940840319, 480.87290631316785, 480.84712460992057, 480.830039607268, 480.8278345337515, 480.84066416783173, 480.8625802762404, 480.88387383350704, 480.89455179154027, 480.88808706527425, 480.86399655258856, 480.82819198273955, 480.7908943257139, 480.76305480854205, 480.7524016771654, 480.76069140361136, 480.7831446545691, 480.81020584764, 480.83093849950797, 480.83686217366426, 480.82506094835446, 480.79928749304423, 480.7684365125524, 480.7435769737816, 480.73389136934065, 480.7435045358248, 480.76990740069834, 480.8050771804945, 480.8382463303727, 480.85976204726086, 480.86444739905113, 480.85349302311437, 480.8337924137654, 480.81539064426755, 480.807542632897, 480.81524547058194, 480.83733930750304, 480.86685332854665, 480.8934882762125, 480.9073991998765, 480.90285721319316, 480.8804054264381, 480.8468446614677, 480.8128463235408, 480.7891306734553, 480.78257649968157, 480.7939251798904, 480.81729233355634, 480.84273445306815, 480.8595377038226, 480.8602646528295, 480.8434495611608, 480.8142353039799, 480.7823759060575, 480.7588780055406], "alpha_rel": [-7.32998171903021e-09, 58.117740651707365, 24.255713785944835, -58.66217375560605], "runid": ["0", "0", "1", "4"], "alpha": [-7.32998171903021e-09, 58.117740651707365, 58.092953016726305, -25.650724649321408], "eff_lost_unst": [0.02716649697651089, 0.027013693164075623, 0.027025914797778227, 0.027200852332401007, 0.02747958288463041, 0.027763251741889265, 0.027954094767236932, 0.027984074956372482, 0.02784545897129175, 0.027589272692455136, 0.0273069380023373, 0.027100225342421288, 0.02704205813095967, 0.02714967706896184, 0.02738272632049211, 0.027652144146822526, 0.02785822154119169, 0.027922525069379395, 0.027818513353514797, 0.02758173664891175, 0.027296620045895368, 0.027064448793445623, 0.026969545315029646, 0.0270463721318179, 0.027266070901497276, 0.027550356505998835, 0.02779704182507935, 0.027916303971607742, 0.027866207801189074, 0.02766510266836355, 0.027386778034377682, 0.02713248875307981, 0.026996050881526887, 0.027028928906273664, 0.02722022166793131, 0.02750449520531784, 0.027782526737362312, 0.027956489455380002, 0.027967435785176898, 0.027813904769763507, 0.02755431337872354, 0.02728394733040801, 0.027100882976331075, 0.027070151049252703, 0.027201150869469035, 0.027442633737607622, 0.02770395393675496, 0.02788560004389595, 0.027916524356062296, 0.02778141666732561, 0.02752530617302303, 0.027237930585794542, 0.027020682920480186, 0.026951762447118378, 0.027054260881194406, 0.02729120427506974, 0.027574964516662925, 0.027802264473249367, 0.02788974729128875, 0.027803766673940522, 0.027574792619705114, 0.02728511928208358, 0.027039452358942586, 0.026928020600763526, 0.026993190376093264, 0.02721398044598042, 0.02751650543257559, 0.027797084271506237, 0.027961549203279198, 0.02795576515928264, 0.027788578168026518, 0.027524565750208077], "blockage_unst": [0.016336234254734898, 0.01633607047506907, 0.016331209529660436, 0.016323440824456255, 0.016315846496552527, 0.016311362871709423, 0.01631192555649849, 0.016317370028487536, 0.016325701543576595, 0.01633405877129618, 0.01633928760783541, 0.016339180395404256, 0.016333589092761888, 0.016324086968723946, 0.016313684481548265, 0.016305520984736425, 0.016301912875632533, 0.01630360198232188, 0.01630943103473489, 0.016316878444659465, 0.01632282549206023, 0.016324688327761565, 0.016321717369667383, 0.01631491501781951, 0.016306724833925333, 0.0163001545098609, 0.016297618113549187, 0.016300226444803844, 0.016307655177180125, 0.016317349497751123, 0.016325914673123994, 0.016330174798467663, 0.016329156193591137, 0.01632379374580208, 0.016315820062029494, 0.016308530200430653, 0.016304937283833053, 0.016306821179201594, 0.01631376630315449, 0.01632358568429592, 0.01633327733122671, 0.01633966588894022, 0.016340707284846018, 0.01633638203185348, 0.016328364976070455, 0.016319662531884088, 0.016313231820391867, 0.016311180701833863, 0.016313911214024045, 0.016320070949628594, 0.01632699968606152, 0.01633167908916677, 0.01633181717040426, 0.016327082719960945, 0.016318776957720927, 0.016309634438116286, 0.016302661705540393, 0.016300152485474336, 0.01630294081907564, 0.016310014408630162, 0.01631929002815522, 0.016327245402087385, 0.01633091273538291, 0.016329065548500013, 0.01632287179050993, 0.01631503380487634, 0.016308578734862644, 0.016306064227117764, 0.016308749548248107, 0.01631596970115302, 0.01632546662063919, 0.016334044118007728]}