{"stage_loading": 1.432, "flow_coefficient": 0.43, "eff_isen": 0.9803766426797678, "eff_poly": 0.979103313640978, "taskId": "0008", "alpha_rel_stator_in": 1.214456530096483e-09, "alpha_rel_stator_out": 70.4530129121329, "alpha_rel_rotor_in": 32.405802070915136, "alpha_rel_rotor_out": -69.36243965578291, "alpha_stator_in": 1.214456530096483e-09, "alpha_stator_out": 70.4530129121329, "alpha_rotor_in": 70.4443276746844, "alpha_rotor_out": -22.49619487770808, "eff_isen_lost_stator_in": 0.0, "eff_isen_lost_stator_out": 0.008175233189569586, "eff_isen_lost_rotor_in": 0.008625185945973168, "eff_isen_lost_rotor_out": 0.01944692691093175, "unsteady_scatterplot": "./smith_sweep_initial/0008/unsteady_scatter/unsteady_scatter_meta.json", "unsteady_entropy_contour": "./smith_sweep_initial/0008/unsteady_contour2d_meta.json", "unsteady_line": "./smith_sweep_initial/0008/unsteady_line_meta.json"}