{"eff_isen": 0.9803766426797678, "eff_poly": 0.979103313640978, "eff_isen_lost": [0.0, 0.008175233189569586, 0.008625185945973168, 0.01944692691093175], "mdot_unst": [375.7233162385799, 375.7239524265542, 375.7240433504554, 375.72347076844784, 375.7220843226351, 375.7199195412688, 375.71690810286077, 375.7131735752911, 375.70886716621317, 375.70415658665013, 375.6991774346658, 375.694125270053, 375.6890789355161, 375.6841677987022, 375.6794618935195, 375.67508627616496, 375.6712302392181, 375.66806251679776, 375.6657580569007, 375.6645083031187, 375.6644475270757, 375.6656069982993, 375.6679310412733, 375.6713654753649, 375.67572184401433, 375.68086929042386, 375.68656474272893, 375.6926974715859, 375.6991888734974, 375.70587876040213, 375.71260973394004, 375.71929378429735, 375.72572383779845, 375.7316902499874, 375.73703755032443, 375.7416006248077, 375.7452342686366, 375.7478834302486, 375.74958300178093, 375.7503404718292, 375.75023850509365, 375.7492644835497, 375.74742999798843, 375.7447153800997, 375.74109946517547, 375.7365619421916, 375.7312152640487, 375.7251643786743, 375.7185654048497, 375.7116975852858, 375.7048647810918, 375.6982770486782, 375.69221767373136, 375.6868444447057, 375.6823333457179, 375.67884086928785, 375.67636654094, 375.67500647506824, 375.6748814277149, 375.6759710523757, 375.67829956656703, 375.6818192542758, 375.68637898137905, 375.69187023499853, 375.6980056894096, 375.70453527227147, 375.71123309495215, 375.71786425669933, 375.7242713600518, 375.7303396055885, 375.73591670600376, 375.7408846294997], "alpha_rel": [1.214456530096483e-09, 70.4530129121329, 32.405802070915136, -69.36243965578291], "runid": ["0", "0", "0", "8"], "alpha": [1.214456530096483e-09, 70.4530129121329, 70.4443276746844, -22.49619487770808], "eff_lost_unst": [0.01960726550051194, 0.019587625085579225, 0.01956875403917924, 0.019555559875223723, 0.019550360909306157, 0.01955279110453478, 0.019560544047213958, 0.019568904450189082, 0.019574603281136926, 0.01957414536173357, 0.019568148059209475, 0.01955930355079327, 0.019551088383871477, 0.019548139075735216, 0.019553738891990153, 0.019567456237209988, 0.019586700450659654, 0.01960773146653538, 0.019625892734379067, 0.01963624040858243, 0.019638655319072235, 0.01963504477453262, 0.019628189928355654, 0.01962302426563385, 0.01962322103889072, 0.019629044460074744, 0.019641267486503088, 0.019654760970181064, 0.0196643272797666, 0.019667031818198108, 0.01966132451897869, 0.01964736118841076, 0.019629233704017, 0.019610749621052827, 0.019595983482440477, 0.019587006166508946, 0.01958489676816137, 0.01958679648491526, 0.0195882220462897, 0.01958619280051412, 0.01957818646889665, 0.019564947213682453, 0.019549466679683873, 0.01953573100030804, 0.01952740119625649, 0.01952760154096625, 0.019536038505441455, 0.019550196024047336, 0.019566380612305243, 0.019579983483133695, 0.019588072738598913, 0.019590375374797436, 0.0195888017881919, 0.019587602639932415, 0.019591099642915544, 0.019600696694220758, 0.019618326202345, 0.019640643314400713, 0.019663277126338276, 0.01968170811475812, 0.01969172757908911, 0.019691639599991685, 0.019683146654078377, 0.019670594112811197, 0.019657419585511208, 0.019647866697475383, 0.01964422252316269, 0.01964608404446309, 0.019649489971083414, 0.019650865350770066, 0.019646456433583093, 0.01963419724497289], "blockage_unst": [0.024864505937301773, 0.024864915297360658, 0.02486507356954874, 0.024864722606601535, 0.024863851839336835, 0.024862774161348435, 0.024862088344611084, 0.02486238536831489, 0.024863882857254403, 0.02486659215264712, 0.024870180793331753, 0.02487408295286656, 0.02487771143053411, 0.02488062025081764, 0.024882605940112424, 0.02488375504577429, 0.024884456499701557, 0.02488525128520893, 0.02488645265129743, 0.024888089258672617, 0.024889923161388144, 0.024891518109846356, 0.024892344739437244, 0.02489197622458259, 0.024890286063162535, 0.024887353428028936, 0.0248836781520134, 0.024879950366637354, 0.024876741174873745, 0.024874258551337704, 0.024872499723813227, 0.024871143642729576, 0.024869737614368264, 0.024867853018352055, 0.024865276908287697, 0.02486203991392511, 0.024858542785153065, 0.024855431443889516, 0.024853334173771908, 0.02485251968579527, 0.024852998149758602, 0.024854484218201734, 0.024856505711709755, 0.02485853890825529, 0.024860241215914868, 0.024861511712351285, 0.02486251915434932, 0.024863720139478695, 0.024865700247980384, 0.02486863564220726, 0.024872529704860997, 0.024877049921267082, 0.024881623651189483, 0.024885626364915224, 0.024888578372104113, 0.024890226008035293, 0.02489062548589291, 0.024890163503185094, 0.024889422565766966, 0.0248888518054599, 0.024888579688176444, 0.02488849768837781, 0.02488825898156923, 0.024887374217468262, 0.02488546355300275, 0.0248823600565215, 0.02487816987153588, 0.024873359626304138, 0.024868603009464255, 0.02486456463426228, 0.024861499832304266, 0.024859440159370978]}