{"stage_loading": 1.632, "flow_coefficient": 1.115, "eff_isen": 0.9645507351925852, "eff_poly": 0.9631944986070035, "taskId": "0001", "alpha_rel_stator_in": 8.573719584680098e-09, "alpha_rel_stator_out": 47.8368892602973, "alpha_rel_rotor_in": 11.487046997439315, "alpha_rel_rotor_out": -50.88414485741864, "alpha_stator_in": 8.573719584680098e-09, "alpha_stator_out": 47.8368892602973, "alpha_rotor_in": 47.79941282425036, "alpha_rotor_out": -19.009682920944233, "eff_isen_lost_stator_in": 0.0, "eff_isen_lost_stator_out": 0.013986342322742096, "eff_isen_lost_rotor_in": 0.015412340571037797, "eff_isen_lost_rotor_out": 0.03432568895418586, "unsteady_scatterplot": "./smith_sweep_initial/0001/unsteady_scatter/unsteady_scatter_meta.json", "unsteady_entropy_contour": "./smith_sweep_initial/0001/unsteady_contour2d_meta.json", "unsteady_line": "./smith_sweep_initial/0001/unsteady_line_meta.json"}