{"eff_isen": 0.9645507351925852, "eff_poly": 0.9631944986070035, "eff_isen_lost": [0.0, 0.013986342322742096, 0.015412340571037797, 0.03432568895418586], "mdot_unst": [575.3596610586936, 575.3346979534249, 575.316979132886, 575.3108003894856, 575.3171820822627, 575.3341974794139, 575.357356852231, 575.38080487461, 575.3983828360208, 575.4050987174655, 575.3985813635707, 575.3804744344484, 575.3559330010041, 575.3320740365597, 575.3155053452285, 575.3105931543381, 575.3183056688938, 575.3366551320488, 575.3611327705354, 575.3859194309848, 575.4048211402071, 575.4127331535772, 575.4073589075193, 575.3902065993899, 575.3664209281781, 575.3430514772137, 575.3266691865393, 575.3215617712324, 575.3287238749205, 575.346174932486, 575.3694872115279, 575.3928672251018, 575.410208375512, 575.4165462478379, 575.4096045997185, 575.3909781737125, 575.3658643412297, 575.3413669593102, 575.3241273916206, 575.3184853300867, 575.3254738503664, 575.3430870416369, 575.3668935938549, 575.3910015732685, 575.4091757832803, 575.4163059223738, 575.4100338661476, 575.391886875092, 575.3669964859739, 575.3424747287044, 575.3250139187702, 575.3189848323823, 575.3254035242372, 575.3423440650959, 575.3653752204267, 575.3886118135424, 575.4058620240719, 575.4120649182994, 575.4049061882263, 575.3859343833701, 575.3603525655267, 575.3352669710689, 575.3173961511935, 575.3110477192572, 575.3172932431582, 575.3341976807648, 575.3572741795792, 575.3807056295603, 575.3982967681184, 575.4050220935164, 575.3985960235696, 575.3805753275252], "alpha_rel": [8.573719584680098e-09, 47.8368892602973, 11.487046997439315, -50.88414485741864], "runid": ["0", "0", "0", "1"], "alpha": [8.573719584680098e-09, 47.8368892602973, 47.79941282425036, -19.009682920944233], "eff_lost_unst": [0.03195809768886934, 0.03211673573654989, 0.03248805351774331, 0.03298034026358769, 0.033470817008110054, 0.03383198802561638, 0.03396125934830044, 0.033813316857684975, 0.03342380455313597, 0.032902177732546, 0.032400493605551355, 0.03205678106437182, 0.031956020314894605, 0.03211636321284027, 0.032490270610791294, 0.03298447702048347, 0.03347676283596351, 0.033840180766131656, 0.03397235601134937, 0.03382656384393601, 0.03343867647747333, 0.03291861558429914, 0.032417262648836036, 0.032073068776129574, 0.031970583905650295, 0.03212882382114286, 0.0324991551231899, 0.03298893085354001, 0.03347783129020537, 0.033837652356695884, 0.03396613892024654, 0.03381730202528461, 0.033427490965252084, 0.03290547525916537, 0.03240290302402495, 0.032057830314038284, 0.03195576872172423, 0.03211585812191308, 0.032488856224440685, 0.03298297243551444, 0.03347514564036853, 0.03383856317573473, 0.03396955353445089, 0.033822974804030265, 0.03343401835310094, 0.03291263625593238, 0.03241072179461532, 0.03206645187889319, 0.031965875563398714, 0.032127196801501876, 0.032501262137134376, 0.03299583062392412, 0.033488366509863816, 0.03385061947889227, 0.03397982176026301, 0.033830375888676975, 0.03343881061138408, 0.0329146762574629, 0.03240948802840152, 0.03206265058200362, 0.031959100618881124, 0.03211810010245018, 0.03248974245431705, 0.032983262792413356, 0.03347500844879281, 0.03383808470360096, 0.03396914891881773, 0.03382211409635086, 0.033432587860352664, 0.0329102738006425, 0.03240622561867086, 0.0320591177647213], "blockage_unst": [0.01432667596967938, 0.01432720414226051, 0.014327821218267143, 0.014328863525030674, 0.014330613768128704, 0.014332317504676275, 0.01433343379302797, 0.014333477283707298, 0.01433256105014974, 0.014331325332690423, 0.014330163532260824, 0.014329369289583761, 0.014329105887280721, 0.014329164019739347, 0.014329296009888609, 0.014329901654349714, 0.014331311574249092, 0.014332789905844835, 0.014333725955523438, 0.014333568163786295, 0.014332363908207184, 0.014330771174775244, 0.014329210872353879, 0.014328027760373998, 0.014327444026357126, 0.014327316669707936, 0.014327389489531718, 0.014328064733642365, 0.014329639045111498, 0.01433132167410975, 0.014332457545881194, 0.014332464279073304, 0.014331381205967879, 0.014329880269864897, 0.014328405332784401, 0.014327316753799016, 0.01432682012500956, 0.014326722535729352, 0.014326734220288935, 0.014327216129270253, 0.014328477279901419, 0.014329775106889764, 0.014330526656832506, 0.014330201784449097, 0.014328887910572028, 0.014327259954026702, 0.014325722294012725, 0.014324616448151568, 0.014324144783866663, 0.014324150271970844, 0.014324325500148108, 0.014325074566022255, 0.014326716734639198, 0.01432847372468396, 0.014329721358282777, 0.014329920462231145, 0.014329128493000083, 0.014327995845969175, 0.014326921413746432, 0.014326249402323394, 0.014326182902876211, 0.014326547900063704, 0.014327055712035358, 0.014328091388237095, 0.014329941463589188, 0.014331812493038859, 0.014333087319880857, 0.014333197337170844, 0.014332235146535165, 0.014330872231796644, 0.014329574638345785, 0.01432871228357037]}