{"stage_loading": 2.357, "flow_coefficient": 0.733, "eff_isen": 0.9735973062343024, "eff_poly": 0.9721820863344429, "taskId": "0005", "alpha_rel_stator_in": -6.343730811666854e-10, "alpha_rel_stator_out": 65.77881409032658, "alpha_rel_rotor_in": 40.52157953448671, "alpha_rel_rotor_out": -67.38898846544402, "alpha_stator_in": -6.343730811666854e-10, "alpha_stator_out": 65.77881409032658, "alpha_rotor_in": 65.76199385318019, "alpha_rotor_out": -46.07333799214964, "eff_isen_lost_stator_in": 0.0, "eff_isen_lost_stator_out": 0.009956121129605311, "eff_isen_lost_rotor_in": 0.010707456861509979, "eff_isen_lost_rotor_out": 0.02578275150234044, "unsteady_scatterplot": "./smith_sweep_initial/0005/unsteady_scatter/unsteady_scatter_meta.json", "unsteady_entropy_contour": "./smith_sweep_initial/0005/unsteady_contour2d_meta.json", "unsteady_line": "./smith_sweep_initial/0005/unsteady_line_meta.json"}