{"eff_isen": 0.9735973062343024, "eff_poly": 0.9721820863344429, "eff_isen_lost": [0.0, 0.009956121129605311, 0.010707456861509979, 0.02578275150234044], "mdot_unst": [324.81572988071423, 324.65660354597276, 324.564707183612, 324.5466874544178, 324.60429567289117, 324.7339692352672, 324.9268598796567, 325.1693676211319, 325.4442476599165, 325.73215043697775, 326.0131094968007, 326.2681675580693, 326.4806693109774, 326.6367849128879, 326.72662410806316, 326.74420709054885, 326.6881314337699, 326.56167196935456, 326.3729618177719, 326.1345493272163, 325.8627052375826, 325.57619088149164, 325.294722264428, 325.03755597569153, 324.8219426439774, 324.662389830483, 324.5698352989759, 324.5509808112189, 324.60769610907727, 324.7364653722973, 324.92853442894096, 325.1703259222066, 325.4446689566351, 325.73223605008116, 326.0130263315594, 326.2680914958428, 326.48070317504573, 326.63701103480804, 326.72701651930083, 326.7446756103172, 326.68851572135395, 326.5617818261636, 326.37261533406183, 326.13356712793313, 325.86095619709874, 325.5736372990837, 325.2913847702449, 325.0335550879891, 324.81745502372837, 324.657610296906, 324.56504646866847, 324.5463607290541, 324.60339887608836, 324.7326137736499, 324.9251814197106, 325.16744939515786, 325.44221203332165, 325.73006873266763, 326.0110280959047, 326.26612916624725, 326.4786964550945, 326.63490447371953, 326.72480474796095, 326.7424393654645, 326.6863572561364, 326.55985081321705, 326.371076262423, 326.1326492848308, 325.8608643646822, 325.5745223865288, 325.2933610746688, 325.0366565701074], "alpha_rel": [-6.343730811666854e-10, 65.77881409032658, 40.52157953448671, -67.38898846544402], "runid": ["0", "0", "0", "5"], "alpha": [-6.343730811666854e-10, 65.77881409032658, 65.76199385318019, -46.07333799214964], "eff_lost_unst": [0.021379389340895182, 0.024342793115073477, 0.027551770352368835, 0.03074675242636896, 0.033645544877873974, 0.03598273129599357, 0.03754552933241244, 0.03820357946920666, 0.03792554639542955, 0.03677484907047827, 0.03489398724330189, 0.03247628716802953, 0.029733516792516294, 0.02687454314078963, 0.024079863762297423, 0.021499923667436773, 0.019251617760804033, 0.017427102992245265, 0.016102100199505354, 0.015342619234086061, 0.015206714378521906, 0.015742198087088047, 0.016971488078522473, 0.018876323185522872, 0.021380886442169154, 0.02434157510665409, 0.027548181646934615, 0.030741141336618823, 0.03363851465447332, 0.03597458941276292, 0.037537342727336276, 0.03819623617031, 0.03791950076899204, 0.03677046050263253, 0.03489189766773842, 0.03247581500598228, 0.02973492567675606, 0.02687685485835212, 0.02408220212845089, 0.021501246474945744, 0.019250993080803958, 0.01742348575056754, 0.016094793507537987, 0.015331123288872251, 0.015192014190968654, 0.015724661279807945, 0.016952253622317042, 0.018857576274586396, 0.021364165606130112, 0.024328820936883, 0.027540445629353205, 0.03073888343945454, 0.033641734323553586, 0.035982378845954954, 0.03754885372457172, 0.03820990499486258, 0.03793349940719534, 0.03678355687610943, 0.034903014765799954, 0.032484522107725976, 0.029740945631526815, 0.026880158139295902, 0.024084191709684354, 0.02150285570705357, 0.019253432630555012, 0.017428133327837752, 0.016102078542655, 0.015340989993735642, 0.015203823587150396, 0.015737852096125163, 0.016965126848139993, 0.01886790168248702], "blockage_unst": [0.019638557184789063, 0.019704585020940184, 0.019749215679464766, 0.01976993626330098, 0.019766144752526252, 0.01973859754769695, 0.019689976946641975, 0.019624293188348626, 0.019546511078327774, 0.019461990061609886, 0.019376196034353036, 0.01929424317597259, 0.019220548781926822, 0.019159041286367574, 0.019113135799721678, 0.019086056958548817, 0.01908013937867516, 0.0190970238453841, 0.019136765755314283, 0.019197600643297417, 0.01927619938800999, 0.019366389024194818, 0.01946162593189903, 0.019554183449722932, 0.01963676812233979, 0.019703021210781796, 0.01974798950117544, 0.01976910657612798, 0.019765718307831803, 0.01973856362791954, 0.019690257827568437, 0.01962481330842189, 0.01954715786822844, 0.019462669416607528, 0.01937682819129464, 0.01929475751721958, 0.01922089619552068, 0.019159188278412505, 0.01911308719044043, 0.01908583694699845, 0.019079781757515457, 0.019096597637508074, 0.019136318796540045, 0.01919727825316907, 0.019276067995739294, 0.019366477118526838, 0.01946196888503082, 0.019554719744858628, 0.01963743349073548, 0.019703738489043755, 0.019748672374883838, 0.01976970150715611, 0.019766177822950513, 0.019738875073066098, 0.01969044994931909, 0.01962492319114944, 0.019547261137063468, 0.01946285807427586, 0.01937716730886864, 0.019295311465090063, 0.019221691669032676, 0.01916021670395895, 0.01911431707239632, 0.019087195699675635, 0.019081183462733495, 0.01909794035029289, 0.01913749085755812, 0.019198198440484048, 0.019276631059900146, 0.019366622785575906, 0.019461669440840813, 0.019553954926125963]}