{"stage_loading": 1.138, "flow_coefficient": 0.639, "eff_isen": 0.9766790697720933, "eff_poly": 0.9754476673505494, "taskId": "0011", "alpha_rel_stator_in": 3.1381087357129568e-09, "alpha_rel_stator_out": 57.12820059430636, "alpha_rel_rotor_in": 1.6994658509404357, "alpha_rel_rotor_out": -59.15840999365448, "alpha_stator_in": 3.1381087357129568e-09, "alpha_stator_out": 57.12820059430636, "alpha_rotor_in": 57.10338668879898, "alpha_rotor_out": -10.431725950199384, "eff_isen_lost_stator_in": 0.0, "eff_isen_lost_stator_out": 0.010248887383214833, "eff_isen_lost_rotor_in": 0.011132273146102878, "eff_isen_lost_rotor_out": 0.02285549301136669, "unsteady_scatterplot": "./smith_sweep_initial/0011/unsteady_scatter/unsteady_scatter_meta.json", "unsteady_entropy_contour": "./smith_sweep_initial/0011/unsteady_contour2d_meta.json", "unsteady_line": "./smith_sweep_initial/0011/unsteady_line_meta.json"}