{"eff_isen": 0.9766790697720933, "eff_poly": 0.9754476673505494, "eff_isen_lost": [0.0, 0.010248887383214833, 0.011132273146102878, 0.02285549301136669], "mdot_unst": [621.6976893485871, 621.4649850559797, 621.2561239898914, 621.0821507965809, 620.9504039843225, 620.8657679278838, 620.8303046237357, 620.8430532320991, 620.8988089235976, 620.9875098668682, 621.0937269787555, 621.1969093375102, 621.2729069666478, 621.2965811329709, 621.2455685317947, 621.1039974052204, 620.8655298084796, 620.5358733470712, 620.1325611212557, 619.6834397515963, 619.2228582380679, 618.7870724952944, 618.4090201411678, 618.1138562323075, 617.9165165061609, 617.8202212746204, 617.8178559702849, 617.8946292704742, 618.0311942736955, 618.2070823475142, 618.4030576304725, 618.6024146791036, 618.7912587352677, 618.9580576816414, 619.0929937904489, 619.1880660545621, 619.2365934142658, 619.2343589468227, 619.1790972045815, 619.0709940867295, 618.9121397696779, 618.7061732456739, 618.4568810248418, 618.1687589564765, 617.8472924770324, 617.4998727893394, 617.1371847027012, 616.774675405163, 616.4325068521148, 616.1349802700828, 615.9083878199797, 615.7774869948389, 615.762319206322, 615.8759842386227, 616.1227229627689, 616.4980769711414, 616.9897218651217, 617.5786176492459, 618.240547217875, 618.9471606876544, 619.6668556587284, 620.3660408960994, 621.0111238928403, 621.5712485700234, 622.0214323032371, 622.3451790577643, 622.536947890765, 622.602712592596, 622.5583213983849, 622.4265550811102, 622.233648115898, 622.0061088354535], "alpha_rel": [3.1381087357129568e-09, 57.12820059430636, 1.6994658509404357, -59.15840999365448], "runid": ["0", "0", "1", "1"], "alpha": [3.1381087357129568e-09, 57.12820059430636, 57.10338668879898, -10.431725950199384], "eff_lost_unst": [0.019929204837469305, 0.02179854642487818, 0.023275221264578944, 0.02432624567552934, 0.024958318209939857, 0.02520892231400321, 0.02515313141812866, 0.024895771273249344, 0.02456541394285244, 0.024306936401316415, 0.024262294086410452, 0.024561041659657307, 0.025304682118729178, 0.026552871273243024, 0.028314846802789038, 0.030536478203965326, 0.033101643497003355, 0.03583547777137848, 0.03851486115951281, 0.04089459046058454, 0.04273460533512206, 0.04382949848982364, 0.044046924819131424, 0.04334551647219166, 0.04177684275682683, 0.03948297797709987, 0.036666343137635435, 0.033551504133934235, 0.030346929889553946, 0.02721395910094677, 0.02424931749724339, 0.02149621528592471, 0.01895580204349097, 0.016628627930282875, 0.014536866360898163, 0.012744219385444575, 0.011352491735795925, 0.010486028098855916, 0.010261530825207163, 0.010750602245492336, 0.011964755900088282, 0.013836090532176276, 0.01624056887629779, 0.019006281115577128, 0.021936783293678874, 0.02483192110807177, 0.02750356645038632, 0.029781445603707844, 0.03152248179796977, 0.0326108203048007, 0.03296920460309085, 0.03256434711035152, 0.03140426859263258, 0.02954831873623923, 0.027090834907930215, 0.024165186388532493, 0.020928046543673997, 0.01755312268833388, 0.014220707713667574, 0.011111894718213427, 0.008399348758972247, 0.006234886717555111, 0.004736105310877103, 0.003979067747402852, 0.0039818683687252625, 0.0047217829045876165, 0.0061094120422171775, 0.008020944431208835, 0.01030218541233729, 0.012787955341169034, 0.015316404886293163, 0.017738193109719812], "blockage_unst": [0.0209487167083266, 0.020974389581038113, 0.020989568355157206, 0.020998682278842797, 0.02099931902233898, 0.02099320436198895, 0.020983099452453774, 0.020970570989005236, 0.02095798931336058, 0.020948145315057707, 0.020945414677483443, 0.020953540933067265, 0.020977566523416893, 0.02102009497178919, 0.021082079272811336, 0.021161175328046133, 0.021255193923050753, 0.021360374929395264, 0.021472269294972972, 0.02158561152908225, 0.021694048293169836, 0.02179095470419164, 0.02187109473697097, 0.02193128645902868, 0.02197027598219217, 0.021987940938032895, 0.02198524311286192, 0.02196448672311529, 0.021928842298831856, 0.02188177124132957, 0.021826475312474867, 0.021766213457102147, 0.02170423386740476, 0.021643778397868206, 0.02158835277766415, 0.021541230869016964, 0.02150563698763416, 0.02148417927145665, 0.021478410974033146, 0.02148895343569865, 0.02151600621853445, 0.021556782114095934, 0.021610659551513985, 0.021674701213729247, 0.021746231347921578, 0.02182254458494009, 0.021899835481962022, 0.021973208201050122, 0.022037353424170552, 0.022086519972666713, 0.022115025657999197, 0.022117897756912478, 0.02209196630181024, 0.022036572122826805, 0.02195356423051937, 0.021847368735936696, 0.021723963763161054, 0.02159018094561404, 0.02145361521844815, 0.02131846147573221, 0.021191973246261046, 0.02107742618314708, 0.020978520030525322, 0.020898330684868065, 0.02083695774649234, 0.020797953296528813, 0.020779603212312307, 0.02078057287210443, 0.020797581375939077, 0.020825881941243816, 0.020860804709180558, 0.020897158538617667]}