{"stage_loading": 2.109, "flow_coefficient": 1.036, "eff_isen": 0.9675411262064578, "eff_poly": 0.9661616467443372, "taskId": "0002", "alpha_rel_stator_in": 4.241759475785979e-09, "alpha_rel_stator_out": 52.702894072319296, "alpha_rel_rotor_in": 17.12622228602384, "alpha_rel_rotor_out": -59.02512417931731, "alpha_stator_in": 4.241759475785979e-09, "alpha_stator_out": 52.702894072319296, "alpha_rotor_in": 52.67452061264579, "alpha_rotor_out": -35.252409710614366, "eff_isen_lost_stator_in": 0.0, "eff_isen_lost_stator_out": 0.011143888998579432, "eff_isen_lost_rotor_in": 0.01210317398420735, "eff_isen_lost_rotor_out": 0.031423345230652044, "unsteady_scatterplot": "./smith_sweep_initial/0002/unsteady_scatter/unsteady_scatter_meta.json", "unsteady_entropy_contour": "./smith_sweep_initial/0002/unsteady_contour2d_meta.json", "unsteady_line": "./smith_sweep_initial/0002/unsteady_line_meta.json"}