{"eff_isen": 0.9675411262064578, "eff_poly": 0.9661616467443372, "eff_isen_lost": [0.0, 0.011143888998579432, 0.01210317398420735, 0.031423345230652044], "mdot_unst": [451.74456784796126, 451.7919241026948, 451.83627374878074, 451.86636262458643, 451.8747535997133, 451.85973036485973, 451.8257459209555, 451.78234379629504, 451.7415708519427, 451.7148918224198, 451.709848706487, 451.72809323963145, 451.7648684111946, 451.81035274089754, 451.852472061725, 451.88007993956285, 451.88582440141465, 451.8680558752564, 451.83136822800884, 451.7853076585362, 451.7421130470765, 451.7132213882741, 451.7063053338388, 451.7230855859522, 451.7587663996535, 451.8035809500507, 451.8453934824679, 451.8730503700167, 451.87917460671747, 451.8622121427544, 451.82667327241063, 451.7821963926117, 451.7408548230879, 451.71411449818777, 451.70950104237033, 451.7286632978795, 451.7666626906587, 451.81360458473966, 451.857279432974, 451.8864391004184, 451.89367167262714, 451.8772767775733, 451.84171722357235, 451.7965591088819, 451.7538843219585, 451.7251504497897, 451.71801834932046, 451.7341191144093, 451.7687241408328, 451.81199207413357, 451.85184328670044, 451.877117287314, 451.88051182598986, 451.8604149215997, 451.8214073137153, 451.7731632407048, 451.7279325836017, 451.69728618552176, 451.6889368001689, 451.7046596103019, 451.7396699901909, 451.7841872944218, 451.8260468545407, 451.8540769033547, 451.860829466177, 451.8446105697138, 451.80990599248594, 451.76623575517783, 451.7256790603169, 451.69970713518217, 451.6958356805484, 451.7157457336057], "alpha_rel": [4.241759475785979e-09, 52.702894072319296, 17.12622228602384, -59.02512417931731], "runid": ["0", "0", "0", "2"], "alpha": [4.241759475785979e-09, 52.702894072319296, 52.67452061264579, -35.252409710614366], "eff_lost_unst": [0.032370245218898204, 0.03174347785886504, 0.030920464489137427, 0.030119792682700975, 0.029556326184651118, 0.02938301612173518, 0.029651353252782616, 0.030293650596051668, 0.031140463035806087, 0.03196525679625806, 0.03254995812384857, 0.03274150478605994, 0.03249343861158356, 0.03187748061265519, 0.03106012614323426, 0.03025949685535349, 0.02969094163833328, 0.029507279519691954, 0.029760947363715765, 0.030386206789587467, 0.031211633572023532, 0.03201448650426587, 0.032574716906796794, 0.03274238776432115, 0.03247241239172668, 0.031836448151410186, 0.031003195481380644, 0.03019020286642447, 0.029612924824894353, 0.029424345780389514, 0.029674530324005785, 0.0302967892521102, 0.031121650504622657, 0.03192494376247874, 0.03248832020441884, 0.03266007689953321, 0.03239786969282846, 0.03177221398220634, 0.030950324984271464, 0.030149668891407654, 0.02958510558973466, 0.029409756620470705, 0.02967589709020822, 0.030315555808659814, 0.031160019479094952, 0.03198312729496763, 0.03256603714444653, 0.03275544005817703, 0.03250582667034435, 0.031887486185116304, 0.031067223089482073, 0.030262621348850077, 0.029689623394269716, 0.02950216566901421, 0.029751875289411138, 0.030373489877542337, 0.031196691877806666, 0.03199694003458483, 0.03255520105975762, 0.03272047880793785, 0.032448337801583425, 0.03181021970187767, 0.030972891950550037, 0.03015519398749558, 0.02957298998256341, 0.02938012961848941, 0.02962853401631398, 0.030250954676120382, 0.031079637761528056, 0.031888619750715906, 0.032460221126170585, 0.032641573840703944], "blockage_unst": [0.015675175580648088, 0.015667576811518313, 0.015658859749828852, 0.015651310122165057, 0.01564685087660814, 0.015646766517814787, 0.015651047145634, 0.015658203664070756, 0.01566611229648585, 0.015672625784059552, 0.01567610326463742, 0.015675670822909275, 0.01567129203304712, 0.01566386273022598, 0.01565539020212989, 0.015648133454438256, 0.015644023136680302, 0.01564434043749999, 0.015649072710750268, 0.015656724301986804, 0.01566511118141573, 0.015672057161816157, 0.015675857519420328, 0.015675608455242643, 0.0156713185606118, 0.015663883156291487, 0.01565534019920703, 0.015647969057130957, 0.015643701558049877, 0.015643782005152835, 0.015648192676300323, 0.015655417654984155, 0.01566330208217985, 0.015669698443394043, 0.015672952129846415, 0.01567220405758071, 0.01566748171459065, 0.01565971050173715, 0.01565091733402366, 0.015643377442534998, 0.01563902053755827, 0.01563910781922342, 0.015643645230756332, 0.015651131534379255, 0.015659429311954475, 0.01566640144801658, 0.0156703618412507, 0.015670446512469783, 0.01566662477196919, 0.015659800691034984, 0.015651979452120105, 0.015645418328915917, 0.015642020414254956, 0.015643045304448988, 0.01564846533672144, 0.01565676492307031, 0.015665749420756468, 0.01567326087028775, 0.015677600294970607, 0.0156778828982923, 0.015674117288143153, 0.015667195401967784, 0.015659136869762766, 0.015652190420180193, 0.015648280336505945, 0.01564866781479242, 0.01565333535202752, 0.015660798341042264, 0.015668905779569187, 0.015675514902763234, 0.01567898673781033, 0.015678424660343634]}