{"stage_loading": 2.026, "flow_coefficient": 0.664, "eff_isen": 0.9752521831276679, "eff_poly": 0.9739189933966904, "taskId": "0006", "alpha_rel_stator_in": 3.314854949486448e-09, "alpha_rel_stator_out": 63.74732783388179, "alpha_rel_rotor_in": 25.22497694180763, "alpha_rel_rotor_out": -68.22742778098633, "alpha_stator_in": 3.314854949486448e-09, "alpha_stator_out": 63.74732783388179, "alpha_rotor_in": 63.73279824706866, "alpha_rotor_out": -45.498425307607185, "eff_isen_lost_stator_in": 0.0, "eff_isen_lost_stator_out": 0.007880421752211375, "eff_isen_lost_rotor_in": 0.00839180142492546, "eff_isen_lost_rotor_out": 0.02416592767999637, "unsteady_scatterplot": "./smith_sweep_initial/0006/unsteady_scatter/unsteady_scatter_meta.json", "unsteady_entropy_contour": "./smith_sweep_initial/0006/unsteady_contour2d_meta.json", "unsteady_line": "./smith_sweep_initial/0006/unsteady_line_meta.json"}