{"eff_isen": 0.9752521831276679, "eff_poly": 0.9739189933966904, "eff_isen_lost": [0.0, 0.007880421752211375, 0.00839180142492546, 0.02416592767999637], "mdot_unst": [360.84409298145016, 360.8347086068842, 360.82486161055306, 360.8161841701545, 360.80979956337325, 360.8063162218772, 360.8055299570254, 360.80658680216584, 360.8082190653356, 360.8090838688218, 360.8081754864169, 360.8050317068546, 360.799911704666, 360.7936585288425, 360.78750619423755, 360.782670321083, 360.78001297133807, 360.77977158598173, 360.7814206836055, 360.78392412161816, 360.7858779456174, 360.78592409981417, 360.7831756157192, 360.77743583373325, 360.76926151889893, 360.75994881364005, 360.75124041559553, 360.74489484941415, 360.7421033898977, 360.7434318922381, 360.7485736712376, 360.75650857682604, 360.7656804705308, 360.7744869160976, 360.78162562349854, 360.78636174869257, 360.7887079397606, 360.7893548887705, 360.78939829456186, 360.7900098344968, 360.79205729042076, 360.79581390673275, 360.80083255711355, 360.8061485437099, 360.81039177236823, 360.81228474067603, 360.8109118063476, 360.8060802630698, 360.79842520211747, 360.7892668654707, 360.7804486133238, 360.77385773310164, 360.7707970643372, 360.77201626770454, 360.77732423124615, 360.78580611410456, 360.7960184246448, 360.8064023293068, 360.81565758608554, 360.82304129629955, 360.8284674194407, 360.83250103386786, 360.8361448532949, 360.84045084265244, 360.8460117359356, 360.8530243521266, 360.86090160273676, 360.8685756069291, 360.87467180903303, 360.87784573555064, 360.8771905860616, 360.87245191539876], "alpha_rel": [3.314854949486448e-09, 63.74732783388179, 25.22497694180763, -68.22742778098633], "runid": ["0", "0", "0", "6"], "alpha": [3.314854949486448e-09, 63.74732783388179, 63.73279824706866, -45.498425307607185], "eff_lost_unst": [0.024176179376941855, 0.02404734772144732, 0.024026813471147913, 0.02412366482406036, 0.024315043567070253, 0.02455318909733133, 0.02477666196119904, 0.02492651276306935, 0.024963982043853764, 0.024878149415087175, 0.0246903493136695, 0.02444906143040168, 0.02421745725608697, 0.024053796024359763, 0.023998813698917088, 0.02406473899651875, 0.02423126902489762, 0.02445104185920785, 0.024665028819367846, 0.024814637126596116, 0.024860332590038964, 0.024790906484339858, 0.02462593561415108, 0.02441260843159955, 0.024210161751771802, 0.024077607130046457, 0.02405137339421807, 0.024141448554677116, 0.024326554917778777, 0.02455944213855117, 0.024778760039482137, 0.024926787986659295, 0.024963561086234737, 0.02487916809202555, 0.02469371085307468, 0.02445592368490512, 0.02422689699981772, 0.024065623976530785, 0.024012797700715436, 0.02407879840429043, 0.02424375346062782, 0.02446102324889715, 0.024670896642212756, 0.024814982342514075, 0.024854298955204437, 0.02477744430809596, 0.02460550299891671, 0.024384671063902085, 0.024174970278623944, 0.024035279592634552, 0.024003483891737027, 0.02408891119585182, 0.024270623833840113, 0.024502131438652153, 0.024722260046079064, 0.024873609797365605, 0.024917310755141933, 0.02484295641278544, 0.02467152675360187, 0.024451178859289546, 0.024243135219864168, 0.02410542742443176, 0.024074947399712974, 0.024162051460921805, 0.024345588767300894, 0.024576998479669383, 0.024795267743085738, 0.024940557063218696, 0.024974111336848338, 0.024884324138247937, 0.02469277678003053, 0.024447159669033817], "blockage_unst": [0.021442722388923613, 0.021442358054618766, 0.0214440855000336, 0.021448568563539314, 0.02145353069144303, 0.021458600587024174, 0.021462242053220896, 0.02146429516552782, 0.021464346105187087, 0.021462350192863893, 0.02145901779104141, 0.021455401106067373, 0.021452534971159756, 0.021451190781389334, 0.021451650061455847, 0.021453683813264623, 0.02145665655105555, 0.021459691224339036, 0.021461937725310035, 0.021462730404013988, 0.021461798108624818, 0.021459361241192732, 0.02145613063168754, 0.021453075948406494, 0.02145071727114113, 0.021450793416515835, 0.021452807058534085, 0.021457363349543374, 0.021462145224664355, 0.021466761836544956, 0.021469677649630012, 0.02147076224891231, 0.021469682027566096, 0.021466486287192707, 0.021461983138276793, 0.021457339516190273, 0.021453678050643344, 0.021451836960489027, 0.02145212237463778, 0.021454312923936625, 0.021457740372020636, 0.02146151405483408, 0.021464704293818054, 0.021466599482662375, 0.02146686348165967, 0.021465652884438104, 0.021463651921509803, 0.021461765268841488, 0.02146047175739021, 0.021461464880707725, 0.021464235602891856, 0.02146936806939634, 0.021474527110508082, 0.021479275796512168, 0.021482067968413874, 0.02148276588454275, 0.021481028227844732, 0.02147689607712902, 0.02147119723926948, 0.021465100172883635, 0.02145928771125749, 0.02145560189659906, 0.021453794338323045, 0.02145478900126919, 0.021456487577746996, 0.021458654638340232, 0.021459862282837184, 0.021460030304376747, 0.021458788330029524, 0.021456084208164323, 0.02145264365316964, 0.021449495243985872]}