{"stage_loading": 2.287, "flow_coefficient": 0.867, "eff_isen": 0.9727988395406781, "eff_poly": 0.9714212530042458, "taskId": "0004", "alpha_rel_stator_in": 1.1243677402565902e-08, "alpha_rel_stator_out": 63.29078936984153, "alpha_rel_rotor_in": 37.81433579095516, "alpha_rel_rotor_out": -64.34535415707015, "alpha_stator_in": 1.1243677402565902e-08, "alpha_stator_out": 63.29078936984153, "alpha_rotor_in": 63.27202693195605, "alpha_rotor_out": -40.94553750365871, "eff_isen_lost_stator_in": 0.0, "eff_isen_lost_stator_out": 0.01072337212362895, "eff_isen_lost_rotor_in": 0.01157102794598508, "eff_isen_lost_rotor_out": 0.026549028808318553, "unsteady_scatterplot": "./smith_sweep_initial/0004/unsteady_scatter/unsteady_scatter_meta.json", "unsteady_entropy_contour": "./smith_sweep_initial/0004/unsteady_contour2d_meta.json", "unsteady_line": "./smith_sweep_initial/0004/unsteady_line_meta.json"}