{"eff_isen": 0.9727988395406781, "eff_poly": 0.9714212530042458, "eff_isen_lost": [0.0, 0.01072337212362895, 0.01157102794598508, 0.026549028808318553], "mdot_unst": [357.1575841971978, 356.73620959036526, 356.4028819368772, 356.1835027026096, 356.0947392561608, 356.14290629866065, 356.32368237783044, 356.6226090001569, 357.01669965127735, 357.4761836587272, 357.9674589542465, 358.45564559673903, 358.90782224131186, 359.295048068632, 359.5943156110659, 359.7890767464458, 359.8692285506617, 359.83079054918124, 359.67561165893056, 359.4113084923175, 359.0516439334267, 358.617142913275, 358.1345429399388, 357.63614847532523, 357.1576391807666, 356.7349776668784, 356.4008022311672, 356.18109302142403, 356.0924861398413, 356.1412109245429, 356.3227711225573, 356.62259175628566, 357.01741854266197, 357.47732528890754, 357.9685187372907, 358.4561391679099, 358.9072898825785, 359.2930647560211, 359.59065975165703, 359.7837333039127, 359.8624559920983, 359.8229470981177, 359.6672456247784, 359.4030796599126, 359.0442062629539, 358.61107725416474, 358.1303243626114, 357.6340460515617, 357.15767034707807, 356.7369461791262, 356.4042896527916, 356.1855458536522, 356.0972766380574, 356.1457732068122, 356.3266220347284, 356.625383183596, 357.01904220074056, 357.47790192179355, 357.96841329853464, 358.45576339168616, 358.9071143005501, 359.2936195942407, 359.5923228608516, 359.7867340698578, 359.8667921167953, 359.8285429893191, 359.6737838155858, 359.41010845991764, 359.0512215764505, 358.6175096363603, 358.1356579090692, 357.63782613241824], "alpha_rel": [1.1243677402565902e-08, 63.29078936984153, 37.81433579095516, -64.34535415707015], "runid": ["0", "0", "0", "4"], "alpha": [1.1243677402565902e-08, 63.29078936984153, 63.27202693195605, -40.94553750365871], "eff_lost_unst": [0.02165483276586436, 0.025503308757793195, 0.029590435029883268, 0.03362806671820907, 0.03730512902729905, 0.040305113616220536, 0.042332497112457915, 0.04315529956127977, 0.042652615993277396, 0.04084655014209843, 0.03792093311671375, 0.03419270395064711, 0.03005173915828963, 0.025887882833697633, 0.022026239356905123, 0.01869184218800298, 0.016010151176238673, 0.014033284949512982, 0.0127817310695793, 0.012280060154337925, 0.012559187654285313, 0.013652810638077268, 0.01557032053994994, 0.0182690311915601, 0.02163560166744462, 0.025488320475935574, 0.029582177461491645, 0.03362719810692274, 0.037312361964673635, 0.04031912521892315, 0.042352433418977986, 0.04317793015552658, 0.04267591544700525, 0.040867826123074234, 0.03793923751520339, 0.03420678591114209, 0.03006194103863412, 0.02589506995352945, 0.02203139005412977, 0.01869651905695766, 0.016015391109259078, 0.014040465936206859, 0.012792833660745875, 0.012295294232153139, 0.012578491956985377, 0.013676265377099634, 0.015596173764189999, 0.01829552835545683, 0.021660898761720365, 0.025508872227938253, 0.029595365600541094, 0.033631992528857346, 0.0373086937946291, 0.04030800033634688, 0.042335869127189917, 0.043159398579131286, 0.042658639494265835, 0.04085466181637207, 0.03793050570119969, 0.03420373637797742, 0.030063235056387094, 0.025899124729491116, 0.022036938285620603, 0.018701276659470186, 0.01601787657003112, 0.014038842563350768, 0.012785646046340653, 0.012280340954834034, 0.01255527612040778, 0.013644506448855594, 0.015556653208002083, 0.01825030710929642], "blockage_unst": [0.0179153013309564, 0.018036863500675425, 0.018139626963440018, 0.01821720132762475, 0.018262783779527267, 0.018274354989653335, 0.01825050045552283, 0.018193639950970546, 0.018107571625337316, 0.017999516836793263, 0.01787696581360072, 0.017748666925557002, 0.01762281034918977, 0.017507360386485694, 0.01740946445953102, 0.01733500829233729, 0.01728873568416173, 0.01727374618221112, 0.017291566359868654, 0.017341846282136444, 0.017422157862704808, 0.017527627192303954, 0.01765108406301509, 0.017783532420511863, 0.01791531535143324, 0.018036861667365272, 0.018139463322819117, 0.018216694874310397, 0.018261782642567764, 0.018272747994959967, 0.018248228623921336, 0.018190718209558095, 0.01810411060461609, 0.01799568973541071, 0.017873006568130397, 0.01774479520757043, 0.01761924962397687, 0.0175043205451124, 0.017407079746377965, 0.01733334566285503, 0.017287765057705202, 0.017273402167521976, 0.017291721522494044, 0.017342313440349106, 0.017422742335350527, 0.017528142826603508, 0.01765136502378541, 0.017783473237501023, 0.01791488472935152, 0.018036104201301608, 0.018138501712408547, 0.018215699810885135, 0.01826095688604204, 0.018272280781110217, 0.018248275113470783, 0.018191392315455853, 0.018105426382625776, 0.017997569622321335, 0.01787531043774702, 0.01774736015417208, 0.017621890788472223, 0.017506840924520626, 0.01740933555579551, 0.017335234429093887, 0.017289254980919336, 0.017274483669482175, 0.01729245947339188, 0.017342815554237983, 0.01742312703391999, 0.017528546516448622, 0.017651918862316082, 0.017784287691833076]}