{"stage_loading": 1.169, "flow_coefficient": 1.08, "eff_isen": 0.9611670027827669, "eff_poly": 0.9598317511570894, "taskId": "0000", "alpha_rel_stator_in": -2.5439530088725225e-10, "alpha_rel_stator_out": 45.477767356681866, "alpha_rel_rotor_in": 6.469915152325834, "alpha_rel_rotor_out": -43.54092715870104, "alpha_stator_in": -2.5439530088725225e-10, "alpha_stator_out": 45.477767356681866, "alpha_rotor_in": 45.435480827390755, "alpha_rotor_out": -2.0860701465626623, "eff_isen_lost_stator_in": 0.0, "eff_isen_lost_stator_out": 0.017118841940001572, "eff_isen_lost_rotor_in": 0.019012572003037298, "eff_isen_lost_rotor_out": 0.03754851895015876, "unsteady_scatterplot": "./smith_sweep_initial/0000/unsteady_scatter/unsteady_scatter_meta.json", "unsteady_entropy_contour": "./smith_sweep_initial/0000/unsteady_contour2d_meta.json", "unsteady_line": "./smith_sweep_initial/0000/unsteady_line_meta.json"}