{"eff_isen": 0.9611670027827669, "eff_poly": 0.9598317511570894, "eff_isen_lost": [0.0, 0.017118841940001572, 0.019012572003037298, 0.03754851895015876], "mdot_unst": [710.6795321897812, 710.6211470477376, 710.5879054891088, 710.5887480052918, 710.6227970999541, 710.6805388988874, 710.7465420034166, 710.8034207137697, 710.8359237933593, 710.8343810068621, 710.7978197797538, 710.7347007304421, 710.6612996912334, 710.5970912632455, 710.5586411863013, 710.5549044478082, 710.5852095599435, 710.6401657334412, 710.7044940755628, 710.7610347121031, 710.7946187115348, 710.7957328450167, 710.7633852210548, 710.7059625112482, 710.6395468377618, 710.5832797537023, 710.5534487461416, 710.5586829520566, 710.5978530951969, 710.6612386809593, 710.7332294742881, 710.7963389573534, 710.8351108006744, 710.8398049144466, 710.8092889297563, 710.751898685269, 710.6837540578467, 710.6242034067158, 710.5896077253275, 710.5888441204761, 710.6211094593053, 710.6768735932941, 710.740731292173, 710.7954891422141, 710.8259849373593, 710.8228281500928, 710.785112651707, 710.7214789868023, 710.6482200645174, 710.5848466016951, 710.5478327694532, 710.5461031344927, 710.5788182976708, 710.6364635340701, 710.7035510527069, 710.7627782666684, 710.7988383985901, 710.8021429845329, 710.7715174794648, 710.7153146433724, 710.6495445309865, 710.5934520619384, 710.5633486542673, 710.5679804229253, 710.6062905381905, 710.6687297129558, 710.7397125134171, 710.8017800363036, 710.8394731140055, 710.8429468153408, 710.8110532823968, 710.752128787922], "alpha_rel": [-2.5439530088725225e-10, 45.477767356681866, 6.469915152325834, -43.54092715870104], "runid": ["0", "0", "0", "0"], "alpha": [-2.5439530088725225e-10, 45.477767356681866, 45.435480827390755, -2.0860701465626623], "eff_lost_unst": [0.03589508956055327, 0.037201378392172024, 0.038062103662011626, 0.03824101207880529, 0.03770350158067033, 0.03660838380706331, 0.0352520527955953, 0.03398741103015276, 0.03313860974493191, 0.03292855816055134, 0.03342446493866759, 0.03450707392034762, 0.03588953990264453, 0.037188668562828195, 0.038039977838410934, 0.038210509571954175, 0.03766429749481737, 0.03656195200715478, 0.035200119110491056, 0.03393345852698068, 0.033086272454214395, 0.032882250175771816, 0.03338742698764347, 0.03448255882244523, 0.03588033701738757, 0.03719606472399646, 0.03806403353981415, 0.03825000813468422, 0.037717454683375146, 0.03662437543824504, 0.03526877183335049, 0.03400240231113559, 0.03315117065315184, 0.03293909569384718, 0.033433978959238206, 0.03451617549018018, 0.03590033143547795, 0.037201729097993776, 0.03805569930105344, 0.03822836798028466, 0.0376838266668872, 0.03658182166903801, 0.03522031853768968, 0.03395205976418795, 0.03310216993381524, 0.03289397919742232, 0.03339350914140422, 0.034481738902825514, 0.03587216009650828, 0.03718021949644428, 0.03804038034195511, 0.03821876293786967, 0.03767948775767807, 0.03658163104074592, 0.03522302917941616, 0.03395658875744557, 0.03310758470639376, 0.032899480304364424, 0.03340009819449929, 0.03449083087206939, 0.03588524019658861, 0.037199082144152594, 0.03806707699485148, 0.03825310285108576, 0.03772170131508758, 0.03662842186696538, 0.03527126079477417, 0.03400210870858511, 0.03314677153814861, 0.03292972174717653, 0.03341929065683016, 0.03449851546205197], "blockage_unst": [0.014068736524269737, 0.014081554490696452, 0.014087550040513664, 0.01408479789723663, 0.014074078999136696, 0.014057774426527494, 0.014040152472335575, 0.014026139246898458, 0.01401922994998933, 0.014021417640042437, 0.014031892266950874, 0.014048270299701732, 0.01406626377747744, 0.014080858529472625, 0.014088618864420865, 0.01408754979098261, 0.014078456436416713, 0.014063723464883599, 0.014047565219921239, 0.014034846710521761, 0.01402893263955962, 0.014031715849285883, 0.014042280975083699, 0.014058284872063856, 0.01407548773113645, 0.014088990857238049, 0.014095425747509322, 0.014092873484355686, 0.014082136478939735, 0.014065628957436177, 0.014047595210301559, 0.014032930084786609, 0.014025132348935867, 0.01402616133116776, 0.014035254599956406, 0.014050086691956057, 0.014066459228633373, 0.014079458906926435, 0.014085712612964749, 0.014083285145450493, 0.014072959795908814, 0.014057150761638833, 0.014040091992031234, 0.014026678596776533, 0.014020355223918937, 0.01402303530941964, 0.014033861300762113, 0.014050476665742058, 0.014068619311693948, 0.014083308297153143, 0.01409111008745414, 0.014090022720832618, 0.01408075839158568, 0.014065685942067445, 0.014049003399456554, 0.014035631475103038, 0.014029065581751257, 0.014031292680053589, 0.014041562993757755, 0.014057483865853758, 0.014074744361779266, 0.014088270562432078, 0.0140945685061798, 0.014091695888640133, 0.014080559834740219, 0.014063674261408319, 0.014045445775822882, 0.014030836437874233, 0.014023286434018003, 0.014024676249878819, 0.01403412283440065, 0.01404925312164496]}