{"stage_loading": 1.253, "flow_coefficient": 0.724, "eff_isen": 0.9745354631463411, "eff_poly": 0.9732472847526507, "taskId": "0012", "alpha_rel_stator_in": -1.929033144953904e-09, "alpha_rel_stator_out": 57.34792121936729, "alpha_rel_rotor_in": 10.241232039104679, "alpha_rel_rotor_out": -57.679632874874954, "alpha_stator_in": -1.929033144953904e-09, "alpha_stator_out": 57.34792121936729, "alpha_rotor_in": 57.32300432948547, "alpha_rotor_out": -11.480368126600013, "eff_isen_lost_stator_in": 0.0, "eff_isen_lost_stator_out": 0.011444181733724634, "eff_isen_lost_rotor_in": 0.012403338047368484, "eff_isen_lost_rotor_out": 0.024948820376526015, "unsteady_scatterplot": "./smith_sweep_initial/0012/unsteady_scatter/unsteady_scatter_meta.json", "unsteady_entropy_contour": "./smith_sweep_initial/0012/unsteady_contour2d_meta.json", "unsteady_line": "./smith_sweep_initial/0012/unsteady_line_meta.json"}