{"eff_isen": 0.9745354631463411, "eff_poly": 0.9732472847526507, "eff_isen_lost": [0.0, 0.011444181733724634, 0.012403338047368484, 0.024948820376526015], "mdot_unst": [587.7232938691338, 587.7256342976116, 587.7245558939659, 587.7202069726337, 587.7137053607834, 587.7067683477524, 587.7009762568769, 587.6973742212843, 587.6960351438148, 587.6961233338486, 587.6962140603457, 587.6947554470364, 587.6908429382961, 587.6844781053078, 587.6765725704981, 587.6687908872053, 587.6629243462223, 587.66013006064, 587.6607738210876, 587.6641729835545, 587.669001056979, 587.6735064700213, 587.676456648369, 587.6772986216265, 587.6766259758731, 587.6757259838919, 587.6761218106178, 587.679044113028, 587.6848593527889, 587.6929458111622, 587.7019238331893, 587.710037802393, 587.7157185900568, 587.7182669503038, 587.7180233274631, 587.7161852970307, 587.7144133140407, 587.7141557486668, 587.7161597630648, 587.7200470475143, 587.7247312759976, 587.7284188708838, 587.7294439207159, 587.7269376019038, 587.7210218230113, 587.7127497060875, 587.7038953523872, 587.6962332929801, 587.6909713131527, 587.6883779332875, 587.6877209952798, 587.6876319555469, 587.6865691741306, 587.6833161142613, 587.6776725783783, 587.670415070521, 587.6630277755726, 587.65720045957, 587.6542128116646, 587.6544717732961, 587.6574478640273, 587.661876406887, 587.6660883235033, 587.6687313235007, 587.6692565938349, 587.6681054879335, 587.6665582172975, 587.6661841608709, 587.6683110548875, 587.6734483647804, 587.681127913128, 587.690084152654], "alpha_rel": [-1.929033144953904e-09, 57.34792121936729, 10.241232039104679, -57.679632874874954], "runid": ["0", "0", "1", "2"], "alpha": [-1.929033144953904e-09, 57.34792121936729, 57.32300432948547, -11.480368126600013], "eff_lost_unst": [0.024667060114899227, 0.02469672768098357, 0.024756946545733058, 0.02482382036909539, 0.024869108909923745, 0.02487451925024513, 0.02483511361751431, 0.024763179158452064, 0.024682032236811386, 0.024619393857850884, 0.02459503941848518, 0.02461651992630497, 0.024673809165605357, 0.024744438929372576, 0.024801578521901797, 0.024822880553334512, 0.024800128244952622, 0.024741310843131022, 0.024668136136304735, 0.02460828847310896, 0.024584245237723925, 0.02460768946698002, 0.024672332451918733, 0.024757626199628284, 0.024836474962742047, 0.02488124212992265, 0.02488044789208387, 0.02483601703935419, 0.02476666016093324, 0.02470017150614877, 0.024662692376268086, 0.024670246789898636, 0.02472225633880464, 0.024803197531293307, 0.024885311013711907, 0.024941176925649785, 0.024951839029310637, 0.024914958996556533, 0.024844665301305666, 0.02476661576178369, 0.02470754742796692, 0.02468813469467301, 0.02471326832073114, 0.024772169688048407, 0.02484012294085861, 0.024891167087129042, 0.02490339012630862, 0.02487011725633546, 0.024801494949598258, 0.0247199098817134, 0.024653600371847578, 0.024623204283638293, 0.024637528624220566, 0.024689695558300116, 0.02475954468908737, 0.024818534266334832, 0.02484449419127754, 0.024826487621797233, 0.02476936732387047, 0.024695018728633215, 0.024629447525281907, 0.024596606880790295, 0.024609807674991786, 0.02466575595522701, 0.02474698994747308, 0.024824567793525473, 0.02487303806149954, 0.024876508323892935, 0.02483558029580677, 0.024766554759003325, 0.024696760527039025, 0.024651754190115262], "blockage_unst": [0.019152227442575186, 0.019150563132805203, 0.01915045258198663, 0.019152194986132194, 0.019155375008002153, 0.019158830611490818, 0.019161550925798233, 0.019162692144739406, 0.019162080148627674, 0.019160123492173577, 0.019157653330972416, 0.019155691405437086, 0.01915500561978667, 0.019155998119066337, 0.01915848743386204, 0.01916147871484453, 0.01916387569680798, 0.019164826266336477, 0.019163960856518645, 0.019161577295105474, 0.01915839911921105, 0.019155449498333126, 0.0191536358074585, 0.01915348654519673, 0.01915504975429827, 0.019157554068493118, 0.0191598704940213, 0.019161071650128505, 0.019160588093075758, 0.019158558389225918, 0.019155607452106115, 0.019152698639052296, 0.019150799246266666, 0.0191505338644442, 0.01915209374010602, 0.01915492897800834, 0.01915784122205209, 0.019159855531689085, 0.019160211086844847, 0.019158872955622196, 0.019156330544308264, 0.019153498866958878, 0.019151403801674485, 0.01915076377261743, 0.019151926257272602, 0.01915457454791772, 0.019157604964370654, 0.01915994489995875, 0.019160737800253066, 0.01915973158932244, 0.019157288843464914, 0.019154236645350382, 0.01915161605048716, 0.019150325349285714, 0.01915083676084156, 0.019153085071430192, 0.019156167890225773, 0.01915894990619294, 0.019160510776162258, 0.01916035658733639, 0.019158702096505303, 0.01915620606289829, 0.019153873040529335, 0.019152638449733885, 0.01915307007442657, 0.01915528771002076, 0.019158599109750846, 0.01916181900721386, 0.019163974514148415, 0.019164380326005228, 0.019163079100612376, 0.019160618504295273]}