{"stage_loading": 1.501, "flow_coefficient": 0.785, "eff_isen": 0.9727621605293164, "eff_poly": 0.9714356224918953, "taskId": "0013", "alpha_rel_stator_in": 7.80593046990877e-09, "alpha_rel_stator_out": 55.24501356414824, "alpha_rel_rotor_in": 11.108147335484544, "alpha_rel_rotor_out": -58.31400053823873, "alpha_stator_in": 7.80593046990877e-09, "alpha_stator_out": 55.24501356414824, "alpha_rotor_in": 55.219589574286566, "alpha_rotor_out": -21.842685210733617, "eff_isen_lost_stator_in": 0.0, "eff_isen_lost_stator_out": 0.010903700786574988, "eff_isen_lost_rotor_in": 0.0118014234975935, "eff_isen_lost_rotor_out": 0.026584542062836225, "unsteady_scatterplot": "./smith_sweep_initial/0013/unsteady_scatter/unsteady_scatter_meta.json", "unsteady_entropy_contour": "./smith_sweep_initial/0013/unsteady_contour2d_meta.json", "unsteady_line": "./smith_sweep_initial/0013/unsteady_line_meta.json"}