{"eff_isen": 0.9727621605293164, "eff_poly": 0.9714356224918953, "eff_isen_lost": [0.0, 0.010903700786574988, 0.0118014234975935, 0.026584542062836225], "mdot_unst": [550.1609011473142, 550.1620985267743, 550.1633949413839, 550.1640773452423, 550.16359941656, 550.1618638409515, 550.1592720667539, 550.1565288000882, 550.1543905578189, 550.1533756663611, 550.1535971753661, 550.1546530216355, 550.1557943987871, 550.1561510157201, 550.1549079116969, 550.1518788915917, 550.1473417489854, 550.142023152657, 550.1368940130121, 550.1329154372029, 550.130584855967, 550.1298749988634, 550.1302503065765, 550.1308747266946, 550.1309181160368, 550.1299262667877, 550.1278929414857, 550.1253869229457, 550.1232143721335, 550.1221389955466, 550.1227557994428, 550.1251147007788, 550.1288116298208, 550.1331460275012, 550.1373237956531, 550.140786157607, 550.1433033785896, 550.1451375326608, 550.1468225078146, 550.1489707619605, 550.1519231132427, 550.1557657698631, 550.1600650595774, 550.1641634056864, 550.1673387346558, 550.169029911304, 550.1691104285884, 550.1679708843553, 550.1663561853524, 550.1651672060625, 550.1650684569886, 550.1663155953827, 550.1686125185652, 550.1711944643405, 550.1730190536075, 550.1731038030354, 550.1709913908554, 550.1667818207429, 550.1611857339594, 550.1553047871166, 550.1501516315171, 550.146466233687, 550.1444667028356, 550.143747883123, 550.1435864361338, 550.1432603087914, 550.1422194654024, 550.1404502729132, 550.1384388222073, 550.1368572306342, 550.136473722257, 550.1377035254153], "alpha_rel": [7.80593046990877e-09, 55.24501356414824, 11.108147335484544, -58.31400053823873], "runid": ["0", "0", "1", "3"], "alpha": [7.80593046990877e-09, 55.24501356414824, 55.219589574286566, -21.842685210733617], "eff_lost_unst": [0.026352925271843432, 0.02640868071846072, 0.026463690526653875, 0.02650083193784289, 0.026508493106692083, 0.02648607575884799, 0.026442245852449045, 0.026393036318593393, 0.026354748069820286, 0.02633853312281594, 0.026347859165774843, 0.026374840347801336, 0.026405777984465924, 0.02642538846681165, 0.026422048684690478, 0.026393674688626904, 0.026347371834607013, 0.026297672064743306, 0.02626166076929034, 0.02625029193327438, 0.026268211420180227, 0.026309433575976798, 0.02635890152846283, 0.026401134386457453, 0.026421346335312703, 0.026414536178168906, 0.026386225592328724, 0.02634755820841649, 0.026315969959112992, 0.026304417081911013, 0.02631947990172021, 0.026357691257057274, 0.026406766861993693, 0.026450076233732585, 0.026473153143943214, 0.026468093789644112, 0.02643642034360689, 0.026389761552559652, 0.02634317058602501, 0.026314319003469346, 0.026311908397311918, 0.0263360346578328, 0.02637708158009349, 0.026421017958745584, 0.026449870515809118, 0.02645467023607083, 0.026433981345806674, 0.02639575713791199, 0.026353805135330904, 0.026325270970621213, 0.026319740543274944, 0.026339514767301436, 0.026376116116848813, 0.026416356471012824, 0.026443362730043385, 0.02644537292685984, 0.02641959074430534, 0.026373435374890192, 0.02632070786158784, 0.02627889451843261, 0.026261176189524033, 0.02627502806728857, 0.026314510574544064, 0.02636693646167423, 0.026414726661709565, 0.026442856407398175, 0.026443149583956466, 0.026417647149196772, 0.026377324443419815, 0.026337712579337508, 0.026314589626771693, 0.02631584586678974], "blockage_unst": [0.017615580944640226, 0.017613871111019086, 0.017612808201079324, 0.01761290665318083, 0.01761419760285986, 0.017616176844960172, 0.01761787983792835, 0.017618519649440455, 0.01761791623260573, 0.01761618316869383, 0.017613965116943797, 0.017611941216947563, 0.017610587366523694, 0.017609976747537552, 0.01761103466112022, 0.017613554257800746, 0.017616614202861286, 0.017618843579490305, 0.017619497112883246, 0.017619066299304608, 0.017617993810897715, 0.017616986315897764, 0.017616439986528707, 0.017616721585578823, 0.01761824185387981, 0.01762080341314708, 0.01762367973339705, 0.017625885640583764, 0.017626856044962703, 0.01762650740658772, 0.017625147216852134, 0.017623429896647846, 0.017621907715713803, 0.01762095367872327, 0.017621069833740555, 0.017622171875859852, 0.017623704273139893, 0.017624707592398488, 0.01762451608454224, 0.017623020213672205, 0.017620432979533505, 0.017617408716508885, 0.017614628303523932, 0.017612517182519657, 0.01761161564803656, 0.01761205036738498, 0.017613392961947947, 0.017614687556934235, 0.017615085563569173, 0.017614271355763256, 0.017612297231595065, 0.017609743270169363, 0.01760729808447361, 0.017605473741674448, 0.01760437047124937, 0.017605035330453205, 0.01760738563513266, 0.017610581261280643, 0.01761316811525104, 0.017614276080064824, 0.01761433324554424, 0.01761364708976313, 0.01761288546874259, 0.017612443013046642, 0.017612666939936735, 0.017614012568311323, 0.017616379732308205, 0.017619111140365178, 0.017621209909488712, 0.017622054012233913, 0.017621546642040443, 0.017619936812451612]}