{"stage_loading": 2.206, "flow_coefficient": 0.973, "eff_isen": 0.970638246307329, "eff_poly": 0.9692384953320136, "taskId": "0003", "alpha_rel_stator_in": 1.5221831852125648e-08, "alpha_rel_stator_out": 59.557247563148515, "alpha_rel_rotor_in": 31.678008851330826, "alpha_rel_rotor_out": -61.12928301063192, "alpha_stator_in": 1.5221831852125648e-08, "alpha_stator_out": 59.557247563148515, "alpha_rotor_in": 59.53322076161666, "alpha_rotor_out": -36.51884580527569, "eff_isen_lost_stator_in": 0.0, "eff_isen_lost_stator_out": 0.011667805135610054, "eff_isen_lost_rotor_in": 0.012646856734285894, "eff_isen_lost_rotor_out": 0.02858789558962438, "unsteady_scatterplot": "./smith_sweep_initial/0003/unsteady_scatter/unsteady_scatter_meta.json", "unsteady_entropy_contour": "./smith_sweep_initial/0003/unsteady_contour2d_meta.json", "unsteady_line": "./smith_sweep_initial/0003/unsteady_line_meta.json"}