{"eff_isen": 0.970638246307329, "eff_poly": 0.9692384953320136, "eff_isen_lost": [0.0, 0.011667805135610054, 0.012646856734285894, 0.02858789558962438], "mdot_unst": [396.5541976294004, 396.44396057410944, 396.4970221817232, 396.70812202022, 397.0570178720718, 397.51291993528855, 398.03869272670016, 398.5943522117491, 399.1393898869502, 399.6351891833475, 400.04793003590373, 400.3514426736101, 400.52990469163365, 400.5782440681405, 400.501180995965, 400.31032383678524, 400.0204587164494, 399.64692993993333, 399.20541151402955, 398.7137411339646, 398.19525778935235, 397.6811431398288, 397.20990437895875, 396.8232587308098, 396.5597099080058, 396.44700161616595, 396.49720128509216, 396.7052585967116, 397.05108453771874, 397.50408893218406, 398.02732335168037, 398.58096637795757, 399.12455763429284, 399.6195327115581, 400.0319977279148, 400.33579850227665, 400.51502213908867, 400.5645064882558, 400.48889538013145, 400.2996793929324, 400.0115852639514, 399.6398419980212, 399.2001596053969, 398.7103263077981, 398.19363834203523, 397.68135251561773, 397.2119395162503, 396.82712350459184, 396.565373870183, 396.45440217888245, 396.506235103079, 396.7157155689893, 397.0627110076167, 397.51655613807225, 398.0403246890731, 398.5941537288393, 399.13770805730684, 399.63247408323446, 400.0446809833146, 400.3481480412626, 400.52695518789994, 400.5758653730167, 400.4994230977511, 400.3090686776503, 400.0193761771349, 399.64560907365365, 399.20339091907795, 398.7106463231497, 398.19079054835197, 397.6752223635976, 397.2026609910522, 396.815049457649], "alpha_rel": [1.5221831852125648e-08, 59.557247563148515, 31.678008851330826, -61.12928301063192], "runid": ["0", "0", "0", "3"], "alpha": [1.5221831852125648e-08, 59.557247563148515, 59.53322076161666, -36.51884580527569], "eff_lost_unst": [0.03094864211927064, 0.036611001594407146, 0.04193111868781506, 0.04646561205931851, 0.04978765912687649, 0.05152734676798534, 0.051419119577045445, 0.049383743441281026, 0.045577563611307, 0.0403957212113081, 0.034415783404304, 0.028287134330678334, 0.022602824268308237, 0.01779666587825621, 0.014089171537213426, 0.011501527868722853, 0.009936400863982058, 0.009286695081411783, 0.009510372834007142, 0.010655532760902996, 0.01281473072338948, 0.016043736856317582, 0.020291079665576795, 0.02536095908381892, 0.030931499869985987, 0.03659782078041094, 0.04192217083202948, 0.046460969537790796, 0.04978714273344809, 0.051530234708495735, 0.05142474365395741, 0.04939030900691391, 0.04558438841138264, 0.040403064958358936, 0.03442338531279922, 0.028295643059615617, 0.022612393559926208, 0.017806996261798547, 0.014100068766181317, 0.011512348642155385, 0.00994613205956109, 0.009295273723048544, 0.00951573301514181, 0.01065748739736548, 0.012812368708767539, 0.016036341467587763, 0.02027886796406287, 0.025344963231098548, 0.03091324296424793, 0.036578057982475966, 0.04190273422110522, 0.046443688886463115, 0.04977401873262782, 0.05152217110214739, 0.05142230750059286, 0.04939391694422827, 0.045593462938030994, 0.04041503522598414, 0.03443713304805174, 0.02830902143060962, 0.022624124158632398, 0.017816634929543662, 0.014107187425028674, 0.011517432022938725, 0.009950421291442827, 0.00929911022550802, 0.009521570492582404, 0.010664595291807522, 0.012821493704986848, 0.01604820139239275, 0.02029274377632721, 0.025359567718495048], "blockage_unst": [0.016877702789691026, 0.01689395791004573, 0.016872981724878732, 0.016818652298475588, 0.016738145073496073, 0.016640458527477198, 0.016533759011133024, 0.01642483437959204, 0.016319148722365392, 0.01622184938096829, 0.016136904577154786, 0.01606891226177865, 0.016022107565262955, 0.015999949185992166, 0.0160042801022777, 0.01603536055566139, 0.016092119819110826, 0.01617238851059936, 0.01627256476472296, 0.016387387999434507, 0.01650951663791105, 0.016629651476445833, 0.016737395426155374, 0.016822365560990787, 0.016875878239973705, 0.016892748639806367, 0.01687239100592104, 0.016818628363776098, 0.016738625898032797, 0.016641344444663295, 0.01653496445079765, 0.016426270772731177, 0.016320753369544087, 0.01622356199209615, 0.01613870629413081, 0.016070769478932906, 0.016023977805514535, 0.01600180679890612, 0.016006087366214953, 0.016037101512992036, 0.016093773631187438, 0.016173948297713694, 0.016273989101115053, 0.0163886430278822, 0.01651056221327031, 0.01663043095544397, 0.016737884036942947, 0.016822569544126673, 0.016875835386100557, 0.01689251241481213, 0.01687205206233146, 0.01681826010868262, 0.016738318187134192, 0.01664116774224386, 0.01653492558850836, 0.016426370758992524, 0.016320921363243923, 0.016223715100705027, 0.016138724721571716, 0.016070555594057317, 0.016023449274646634, 0.01600090922637465, 0.016004810747224502, 0.016035460139041762, 0.01609187097906644, 0.01617191045239225, 0.01627201629137784, 0.01638692928964471, 0.01650927376630013, 0.01662969648373813, 0.01673775151340215, 0.016823006553942206]}