{"stage_loading": 1.009, "flow_coefficient": 0.392, "eff_isen": 0.9810086946737844, "eff_poly": 0.9797959814391892, "taskId": "0009", "alpha_rel_stator_in": 4.24004238344158e-10, "alpha_rel_stator_out": 66.9416097621405, "alpha_rel_rotor_in": 2.882798645350313, "alpha_rel_rotor_out": -66.65196197526046, "alpha_stator_in": 4.24004238344158e-10, "alpha_stator_out": 66.9416097621405, "alpha_rotor_in": 66.9297051527116, "alpha_rotor_out": -0.27853435853177205, "eff_isen_lost_stator_in": 0.0, "eff_isen_lost_stator_out": 0.007984879162330594, "eff_isen_lost_rotor_in": 0.0083283721544678, "eff_isen_lost_rotor_out": 0.018793656733306574, "unsteady_scatterplot": "./smith_sweep_initial/0009/unsteady_scatter/unsteady_scatter_meta.json", "unsteady_entropy_contour": "./smith_sweep_initial/0009/unsteady_contour2d_meta.json", "unsteady_line": "./smith_sweep_initial/0009/unsteady_line_meta.json"}