{"eff_isen": 0.9810086946737844, "eff_poly": 0.9797959814391892, "eff_isen_lost": [0.0, 0.007984879162330594, 0.0083283721544678, 0.018793656733306574], "mdot_unst": [516.974978562044, 517.0628617042807, 517.1026364385204, 517.0932120186264, 517.0384502905014, 516.9465701565615, 516.8294774712433, 516.7003541486961, 516.5724734595958, 516.4571698731049, 516.3620687478121, 516.2898413115618, 516.2381458732939, 516.1999113366617, 516.1644605708415, 516.1191496543547, 516.0514586052321, 515.9508591694421, 515.8109872471301, 515.6306810088089, 515.4143580699816, 515.171557138869, 514.9160187599625, 514.6636022195014, 514.4302375721811, 514.2298870803008, 514.0727204312202, 513.9639765997943, 513.9033034106294, 513.8850962733782, 513.8994571421885, 513.93366426046, 513.9740628513625, 514.0077664625737, 514.0246497141956, 514.0182606882589, 513.9870349035114, 513.9340034076143, 513.8666754541641, 513.7960790374509, 513.7354077149814, 513.6986165272635, 513.6984083870213, 513.7448966748278, 513.8442645243904, 513.998091154457, 514.202637988083, 514.4493843741615, 514.7255648348652, 515.0156360082312, 515.3025460977134, 515.5695270689199, 515.8015028035167, 515.98690725454, 516.118486888714, 516.194026016014, 516.2165819491539, 516.1939688760142, 516.1379202992017, 516.0629483614941, 515.9848804662302, 515.919312929004, 515.8798650981312, 515.8771122321513, 515.917328518424, 516.0022203570626, 516.1285608985884, 516.2885608550253, 516.4707994687691, 516.661479969745, 516.8455883203795, 517.0085978651209], "alpha_rel": [4.24004238344158e-10, 66.9416097621405, 2.882798645350313, -66.65196197526046], "runid": ["0", "0", "0", "9"], "alpha": [4.24004238344158e-10, 66.9416097621405, 66.9297051527116, -0.27853435853177205], "eff_lost_unst": [0.01822601429776819, 0.016310906615933506, 0.014549544942538191, 0.013037408426792279, 0.011853595958658918, 0.011055805176898751, 0.010669247992933336, 0.010702060603710577, 0.011131535438680932, 0.011913881391181198, 0.01298843951117669, 0.014285897732487314, 0.01572834108473398, 0.017237706562625275, 0.018735088235769366, 0.020146495733237194, 0.021403954028498387, 0.022447662250040912, 0.023229940657373466, 0.02371444230091988, 0.023879417689691065, 0.02371821646619215, 0.02324055783083264, 0.022471938631095954, 0.021453238433437268, 0.020237677014628138, 0.01888819314262262, 0.017469864376607577, 0.016053417938890337, 0.014705906251800776, 0.013485174789089577, 0.012443410845913602, 0.011620223620678754, 0.011043996115070297, 0.010727008038418653, 0.010673224654573698, 0.010870414517824417, 0.011298559421077818, 0.011927188082376123, 0.012718880182822355, 0.013633404117010436, 0.014624506006023589, 0.015651792700733573, 0.016673723403847134, 0.017655295036899568, 0.018568747818752285, 0.019393218507470028, 0.02011915703817476, 0.020745719259093975, 0.02128113589802739, 0.021744636154532645, 0.02215816846179576, 0.022552353425566593, 0.0229565256225854, 0.023395950879268705, 0.0238900982406127, 0.024450420596005853, 0.02507300922639001, 0.025743197622590412, 0.02643034195228778, 0.02709441003812552, 0.027682572478260947, 0.02813800646342879, 0.02840154368555458, 0.0284194623755653, 0.0281457551494902, 0.027550401654278932, 0.026622375602995248, 0.025373840923188538, 0.023839336009172842, 0.022078406912203655, 0.020170301297064968], "blockage_unst": [0.02882750067990434, 0.02880025840741495, 0.028765328030047048, 0.028726435290708292, 0.028687726509560117, 0.028652736344633438, 0.028624588366255928, 0.028604850664762323, 0.028597644634840186, 0.028602171979905222, 0.028615845437078024, 0.028634442047453308, 0.02865444403054457, 0.02867431852835245, 0.02869399206857109, 0.02871446363943264, 0.028737489626566696, 0.028765820003572723, 0.02880162114068954, 0.028845979642890877, 0.02889823410444311, 0.028955692940871584, 0.029013890905801098, 0.02906706130333559, 0.029110078224714727, 0.02913886985562855, 0.02915140423139226, 0.029148076149430095, 0.029131517141904647, 0.029105672478300294, 0.029075049120197545, 0.029045878749287983, 0.029024553470127574, 0.029015179331926575, 0.0290182749380971, 0.02903248672220022, 0.029055454685458303, 0.029084655578299545, 0.029117001462419, 0.029149002539336916, 0.02917701130269385, 0.02920027584857181, 0.029219069502910304, 0.029232520866290763, 0.029242215392166666, 0.02924148344180119, 0.02922875702472306, 0.029198936748620372, 0.029157552408987014, 0.029106099420773673, 0.029046037321637734, 0.02898278841357118, 0.02891301517406119, 0.028843331113535372, 0.02878076835415971, 0.02873041418476095, 0.028695531853425587, 0.02867613390909238, 0.0286702602832203, 0.0286749998681024, 0.02868730583493372, 0.02870431965837959, 0.028723776976059413, 0.028743834124563685, 0.028763104829205657, 0.02878128005817517, 0.028798162753300854, 0.02881301709297172, 0.028824572270992607, 0.028831377986579285, 0.02883155020823224, 0.02882281811368839]}