{"stage_loading": 1.961, "flow_coefficient": 0.905, "eff_isen": 0.9693266775862069, "eff_poly": 0.9678808007801155, "taskId": "0015", "alpha_rel_stator_in": 2.2057224794238207e-09, "alpha_rel_stator_out": 56.56388716132878, "alpha_rel_rotor_in": 24.331799643368143, "alpha_rel_rotor_out": -58.23734863670125, "alpha_stator_in": 2.2057224794238207e-09, "alpha_stator_out": 56.56388716132878, "alpha_rotor_in": 56.53833662608081, "alpha_rotor_out": -29.112792549409683, "eff_isen_lost_stator_in": 0.0, "eff_isen_lost_stator_out": 0.012285828114130926, "eff_isen_lost_rotor_in": 0.01330055830236554, "eff_isen_lost_rotor_out": 0.029863693052181284, "unsteady_scatterplot": "./smith_sweep_initial/0015/unsteady_scatter/unsteady_scatter_meta.json", "unsteady_entropy_contour": "./smith_sweep_initial/0015/unsteady_contour2d_meta.json", "unsteady_line": "./smith_sweep_initial/0015/unsteady_line_meta.json"}