{"eff_isen": 0.9693266775862069, "eff_poly": 0.9678808007801155, "eff_isen_lost": [0.0, 0.012285828114130926, 0.01330055830236554, 0.029863693052181284], "mdot_unst": [468.0480416208807, 468.05553990700776, 468.0517473383799, 468.0379900008966, 468.019213493685, 468.00217295657853, 467.9931091622836, 467.9952813258583, 468.00798072703043, 468.0266345678114, 468.0445210701058, 468.05513598758756, 468.05458420992807, 468.04298228315315, 468.0243600085407, 468.00516612622334, 467.9919870307781, 467.9891831563489, 467.9972724420078, 468.01268189505697, 468.0292285669813, 468.0401998377913, 468.0409075753852, 468.03036399239306, 468.0116609580088, 467.99092992232926, 467.9750807334133, 467.96936841736556, 467.97562553294665, 467.9914984012106, 468.0113297675154, 468.02819324938855, 468.0364079183103, 468.0336986157791, 468.0218785110899, 468.00617595224105, 467.99339054536483, 467.9892968684463, 467.99672983962864, 468.0142768071991, 468.03692015134214, 468.0576977474891, 468.07036070019797, 468.07140344488425, 468.0614607587893, 468.04497631712195, 468.02857840890243, 468.0186463608989, 468.018961239457, 468.02946191181337, 468.0461686817433, 468.0625407817772, 468.0720589992951, 468.07053140037186, 468.0575963370942, 468.03689675694386, 468.0149472033812, 467.9985579472444, 467.9926887718725, 467.9985087439259, 468.0130215386979, 468.030256004036, 468.04335480031386, 468.0470520206351, 468.0397227619858, 468.02384543482515, 468.0050228132443, 467.9900837831491, 467.98457355838866, 467.99068754060613, 468.006456694682, 468.026453943575], "alpha_rel": [2.2057224794238207e-09, 56.56388716132878, 24.331799643368143, -58.23734863670125], "runid": ["0", "0", "1", "5"], "alpha": [2.2057224794238207e-09, 56.56388716132878, 56.53833662608081, -29.112792549409683], "eff_lost_unst": [0.029532347971377288, 0.02910522189625391, 0.028901652808922974, 0.02899336570646212, 0.029346702704453064, 0.029835805459329987, 0.030283055329726537, 0.03052814970985589, 0.03048341608583064, 0.03016863300396635, 0.029699456880307215, 0.029248693934848403, 0.02898093472993882, 0.028996579839093668, 0.029292176840639516, 0.029763269357825552, 0.03024154668444476, 0.030556453982184904, 0.030594086180789168, 0.03034276272774229, 0.029893932261913576, 0.02940986754447357, 0.029064407579242207, 0.02898138007536164, 0.02918946307092308, 0.02961153676957868, 0.03009451242623027, 0.030460567080121004, 0.030574057355360083, 0.030392978286002067, 0.029978955141171614, 0.0294800350150093, 0.029074744679092865, 0.02890623449670965, 0.029033707111935255, 0.02941086232372913, 0.02990080865873443, 0.030325187592424623, 0.030531332838500708, 0.030444570370002734, 0.030099477441424983, 0.029622264230443923, 0.02918813559724365, 0.02895620239610905, 0.029012464610029515, 0.029339782142588183, 0.029821864947156523, 0.030286063816437867, 0.03056568992977625, 0.030561543124827246, 0.03027617691177335, 0.029815541368830707, 0.02934577256843889, 0.029037077087971867, 0.02900099160767142, 0.029250790326997754, 0.029694476399897415, 0.03017059289045916, 0.030504377585119702, 0.030571755811757757, 0.03034647567135452, 0.029906764415506285, 0.029409959153818905, 0.02903123254276313, 0.0289048854509507, 0.029074851907304078, 0.029479740563996035, 0.029971725230604773, 0.030372668500455394, 0.030536627440504525, 0.030407140674284572, 0.03003115176991067], "blockage_unst": [0.01518322796453721, 0.0151801958236091, 0.015177925116178664, 0.015177033694668805, 0.015177651542391276, 0.015179240996427682, 0.01518079882139722, 0.015181603524570982, 0.015181163054678131, 0.015179398877742162, 0.01517665096917637, 0.015173685660663508, 0.01517155652536534, 0.015171012771371941, 0.015172331208809677, 0.01517514124564601, 0.015178483067574617, 0.015181421826596504, 0.015183388398386923, 0.015184024008070516, 0.015183540816742351, 0.015182457712390712, 0.015181777735152458, 0.015182291698074894, 0.015184366380388935, 0.015187756691822788, 0.015191566694579781, 0.015194756043378011, 0.01519667195705443, 0.01519677556506636, 0.015195256296561504, 0.015192470953587332, 0.015189443912744006, 0.015187148819496243, 0.01518614404336009, 0.015186483133773533, 0.015187537549563751, 0.015188320573893953, 0.015188154851918096, 0.015186575009556572, 0.015183630494927589, 0.01517968161635777, 0.015175597111875026, 0.015172438292277709, 0.015170923161614225, 0.015171252973392894, 0.01517297912181941, 0.015175099733625824, 0.01517679833581383, 0.01517753396697553, 0.01517705615129882, 0.015175627722577112, 0.015173875709348675, 0.015172780131051191, 0.015173086719628389, 0.0151750734281368, 0.015178395564613959, 0.015182097767046529, 0.015185164267553548, 0.015186998937008216, 0.015187151904560279, 0.01518584489124013, 0.015183517284777247, 0.015181220502620085, 0.015179834235115212, 0.015179859689787276, 0.015181227959053764, 0.015183218923800064, 0.015184816199771092, 0.015185424739295603, 0.015184561687580898, 0.015182381322442474]}